session,decile,horizon_s,fee_ticks,orders,observed_orders,missing_mark_orders,original_qty,executed_qty,missing_mark_qty,remaining_qty_at_close,partial_fill_orders,gross_payoff_ticks,net_payoff_ticks,net_payoff_lo,net_payoff_hi
MSFT_2024-02-01,0,10.0,0.0,165926,165777,149,13133482.0,1514661.0,25427.0,1188.0,2010,-0.020491669472603776,-0.020491669472603776,-0.04595618275455461,0.003959432074891341
MSFT_2024-02-01,1,10.0,0.0,9007,9000,7,890365.0,100889.0,3686.0,0.0,71,-0.016323454300554215,-0.016323454300554215,-0.07383625392682579,0.04340355256883467
MSFT_2024-02-01,2,10.0,0.0,8442,8433,9,877919.0,107658.0,1850.0,100.0,69,-0.0303653714265007,-0.0303653714265007,-0.12465476690401919,0.0590600057640957
MSFT_2024-02-01,3,10.0,0.0,24927,24902,25,2446397.0,194961.0,2894.0,932.0,253,-0.020084291644095427,-0.020084291644095427,-0.0646609173557522,0.022950429267550712
MSFT_2024-02-01,4,10.0,0.0,6576,6563,13,622976.0,103367.0,1897.0,100.0,57,0.03191641515897287,0.03191641515897287,-0.10482956779054554,0.17805400285598177
MSFT_2024-02-01,5,10.0,0.0,22865,22840,25,2080271.0,241902.0,4308.0,500.0,252,-0.0432897042105371,-0.0432897042105371,-0.1454135094984266,0.05101346233371065
MSFT_2024-02-01,6,10.0,0.0,25788,25754,34,1824649.0,172045.0,2197.0,1104.0,196,-0.03091028747605272,-0.03091028747605272,-0.09930468870103684,0.049045563617452936
MSFT_2024-02-01,7,10.0,0.0,20036,20018,18,1088467.0,103800.0,4648.0,556.0,91,-0.08816053297052594,-0.08816053297052594,-0.1460416449418578,-0.027927373650791128
MSFT_2024-02-01,8,10.0,0.0,15360,15331,29,615322.0,69826.0,3074.0,350.0,57,-0.07245685586897156,-0.07245685586897156,-0.1394890374381209,-0.004028795382247894
MSFT_2024-02-01,9,10.0,0.0,21311,21277,34,213053.0,35971.0,1532.0,1.0,52,-0.12162744732421454,-0.12162744732421454,-0.20808105128242915,-0.030053392472418918
MSFT_2024-04-01,0,10.0,0.0,142955,142674,281,11340052.0,821867.0,52194.0,412.0,1099,-0.077608089500283,-0.077608089500283,-0.1029747301085566,-0.05388672517566165
MSFT_2024-04-01,1,10.0,0.0,7024,7008,16,663802.0,48190.0,9838.0,0.0,44,-0.003014843383082124,-0.003014843383082124,-0.09139361798435298,0.07863355690734167
MSFT_2024-04-01,2,10.0,0.0,6724,6701,23,672704.0,61879.0,6308.0,0.0,59,-0.0029140944007917595,-0.0029140944007917595,-0.13441442224866892,0.10825972075551306
MSFT_2024-04-01,3,10.0,0.0,36957,36899,58,3743360.0,132132.0,11999.0,4300.0,118,-0.03066466841719022,-0.03066466841719022,-0.058380925331399214,-0.004877863101483805
MSFT_2024-04-01,4,10.0,0.0,12762,12749,13,1184116.0,86389.0,2390.0,0.0,71,-0.03726395577739815,-0.03726395577739815,-0.1043624716058253,0.021258182547895108
MSFT_2024-04-01,5,10.0,0.0,24410,24345,65,1828856.0,176426.0,5436.0,16.0,163,-0.018876299389997332,-0.018876299389997332,-0.0665247110760925,0.026518935375178184
MSFT_2024-04-01,6,10.0,0.0,24837,24779,58,1527921.0,148520.0,3961.0,0.0,172,-0.03357541157215302,-0.03357541157215302,-0.07549733608013777,0.017156656017754728
MSFT_2024-04-01,7,10.0,0.0,17809,17765,44,907346.0,88266.0,3835.0,0.0,69,-0.0879013014131759,-0.0879013014131759,-0.1509119958823807,-0.02681304000314496
MSFT_2024-04-01,8,10.0,0.0,17259,17233,26,610451.0,47711.0,1426.0,100.0,55,-0.05078046999510695,-0.05078046999510695,-0.09885033546105663,-0.006577207037985619
MSFT_2024-04-01,9,10.0,0.0,24617,24563,54,213666.0,24389.0,1932.0,1.0,60,-0.12664337555535699,-0.12664337555535699,-0.17242148065545945,-0.07241561838407606
MSFT_2024-06-03,0,10.0,0.0,80433,80254,179,4827300.0,726481.0,16562.0,1165.0,1206,-0.07705968437676049,-0.07705968437676049,-0.13317441790575252,-0.01673108589220269
MSFT_2024-06-03,1,10.0,0.0,7460,7450,10,468091.0,66358.0,4786.0,0.0,111,0.020291328446182602,0.020291328446182602,-0.0916928897188684,0.12454238506364555
MSFT_2024-06-03,2,10.0,0.0,8652,8645,7,578372.0,74106.0,3881.0,89.0,118,0.08141739424470978,0.08141739424470978,-0.00835865554536652,0.1759107529777484
MSFT_2024-06-03,3,10.0,0.0,13563,13534,29,966410.0,87411.0,2446.0,202.0,141,0.04971604794308824,0.04971604794308824,-0.020094263875286345,0.12116938800695327
MSFT_2024-06-03,4,10.0,0.0,10815,10804,11,700578.0,83857.0,1251.0,213.0,104,-0.08595900697246701,-0.08595900697246701,-0.21479113441549025,0.027882684070861606
MSFT_2024-06-03,5,10.0,0.0,24884,24853,31,1490021.0,132277.0,2525.0,50.0,211,-0.022095949754796604,-0.022095949754796604,-0.07212709013535348,0.03048767776654387
MSFT_2024-06-03,6,10.0,0.0,27108,27052,56,1348923.0,103061.0,3123.0,415.0,194,0.01652301422364426,0.01652301422364426,-0.028426172635545473,0.06457787605720965
MSFT_2024-06-03,7,10.0,0.0,44227,44203,24,1760442.0,70619.0,1498.0,400.0,196,-0.004464484942852202,-0.004464484942852202,-0.038940241589698055,0.028247245689773253
MSFT_2024-06-03,8,10.0,0.0,56510,56477,33,1621463.0,68595.0,2105.0,350.0,315,6.458327367390853e-05,6.458327367390853e-05,-0.032751329593069,0.033480068134111356
MSFT_2024-06-03,9,10.0,0.0,42499,42460,39,494595.0,54693.0,1090.0,11.0,163,-0.08938035318696945,-0.08938035318696945,-0.16126235798485336,-0.01444484128163931
MSFT_2024-10-01,0,10.0,0.0,150113,149951,162,6551740.0,902206.0,10829.0,31173.0,2226,0.04788440332727796,0.04788440332727796,0.00035809626808297045,0.08877804681812054
MSFT_2024-10-01,1,10.0,0.0,9041,9033,8,603233.0,62447.0,656.0,1900.0,126,0.061494015622985926,0.061494015622985926,-0.00639922792184747,0.12879949049703143
MSFT_2024-10-01,2,10.0,0.0,15897,15895,2,977905.0,76253.0,94.0,100.0,174,0.04378156092369929,0.04378156092369929,-0.009501824000461418,0.0993308197413657
MSFT_2024-10-01,3,10.0,0.0,12424,12422,2,976447.0,77008.0,300.0,0.0,157,0.06713572316307066,0.06713572316307066,0.0069281196648836516,0.12403726866041599
MSFT_2024-10-01,4,10.0,0.0,8684,8680,4,552663.0,50974.0,326.0,0.0,90,0.01609209239558224,0.01609209239558224,-0.07119599580204855,0.10039036184632873
MSFT_2024-10-01,5,10.0,0.0,24724,24690,34,1203756.0,152501.0,2569.0,300.0,221,0.03114472841283815,0.03114472841283815,-0.023885459700303997,0.08810777311856527
MSFT_2024-10-01,6,10.0,0.0,16569,16560,9,890518.0,92634.0,734.0,10.0,120,-0.008975351671182671,-0.008975351671182671,-0.10751049781996187,0.07014212532333734
MSFT_2024-10-01,7,10.0,0.0,24173,24170,3,906726.0,54920.0,180.0,100.0,89,-0.02171473029828322,-0.02171473029828322,-0.0824562303056267,0.029113917289972212
MSFT_2024-10-01,8,10.0,0.0,33597,33586,11,959282.0,40244.0,365.0,100.0,102,0.013186735633422493,0.013186735633422493,-0.04215798684850433,0.059794900436723385
MSFT_2024-10-01,9,10.0,0.0,30118,30084,34,307441.0,28785.0,587.0,200.0,58,0.008007483494707505,0.008007483494707505,-0.06505107127749549,0.07430582244365867
MSFT_2024-12-02,0,10.0,0.0,52550,52357,193,3457045.0,670477.0,24622.0,12573.0,994,-0.0454174250112056,-0.0454174250112056,-0.1569639551007009,0.07568970421888846
MSFT_2024-12-02,1,10.0,0.0,2818,2804,14,281667.0,51372.0,3423.0,0.0,67,0.08845920097849093,0.08845920097849093,-0.09234461187883682,0.2799576340168513
MSFT_2024-12-02,2,10.0,0.0,4901,4879,22,360492.0,52589.0,3852.0,100.0,75,0.02362620538732109,0.02362620538732109,-0.07706197723047843,0.11897114364049406
MSFT_2024-12-02,3,10.0,0.0,2783,2767,16,260650.0,43194.0,1186.0,100.0,63,-0.1789304995682866,-0.1789304995682866,-0.3826675517966311,0.018685095114688324
MSFT_2024-12-02,4,10.0,0.0,2486,2469,17,199381.0,48169.0,2014.0,0.0,42,-0.06386322356847401,-0.06386322356847401,-0.2583368869704929,0.12758448716139933
MSFT_2024-12-02,5,10.0,0.0,9729,9671,58,679776.0,109427.0,6953.0,9.0,126,-0.045604153313743116,-0.045604153313743116,-0.1807351370256424,0.12792401236685488
MSFT_2024-12-02,6,10.0,0.0,4691,4658,33,325915.0,63182.0,2633.0,0.0,67,-0.17531343401161306,-0.17531343401161306,-0.3769620103595179,0.06779921910909761
MSFT_2024-12-02,7,10.0,0.0,4553,4518,35,245497.0,46554.0,2749.0,0.0,45,-0.24732228280830942,-0.24732228280830942,-0.4102437996305287,-0.10373855371764731
MSFT_2024-12-02,8,10.0,0.0,7808,7788,20,230180.0,37067.0,1367.0,11.0,44,-0.19449887497164314,-0.19449887497164314,-0.2844995820013167,-0.09738891510341526
MSFT_2024-12-02,9,10.0,0.0,15372,15349,23,142178.0,28897.0,1019.0,541.0,38,-0.34582584013679424,-0.34582584013679424,-0.4721457346973904,-0.22385727253793836
INTC_2024-02-01,0,10.0,0.0,15348,15322,26,3196099.0,414239.0,6298.0,1.0,405,-0.049594027784695814,-0.049594027784695814,-0.07390758113750084,-0.0274175294887207
INTC_2024-02-01,1,10.0,0.0,996,992,4,494776.0,73632.0,8764.0,9948.0,20,0.004331627675784154,0.004331627675784154,-0.05099304534830178,0.04879408456452498
INTC_2024-02-01,2,10.0,0.0,1173,1170,3,663276.0,73316.0,5326.0,300.0,25,-0.0933615229414014,-0.0933615229414014,-0.14917240575375065,-0.033334754198246906
INTC_2024-02-01,3,10.0,0.0,2903,2900,3,1470937.0,77248.0,3079.0,24400.0,48,-0.03685386697050529,-0.03685386697050529,-0.05585348534032984,-0.018507872926541342
INTC_2024-02-01,4,10.0,0.0,4050,4047,3,3006259.0,96875.0,5079.0,0.0,31,-0.006521635048469796,-0.006521635048469796,-0.017921791154705633,0.0052927726272080184
INTC_2024-02-01,5,10.0,0.0,16605,16593,12,7292539.0,256374.0,3463.0,0.0,137,-0.020761495935678467,-0.020761495935678467,-0.03267219498775064,-0.009787559618047614
INTC_2024-02-01,6,10.0,0.0,22910,22909,1,10100265.0,307452.0,110.0,5900.0,129,-0.020320112603645604,-0.020320112603645604,-0.02980233509024541,-0.011723820513666166
INTC_2024-02-01,7,10.0,0.0,36165,36155,10,13847403.0,455513.0,4181.0,5152.0,155,-0.019097319407021234,-0.019097319407021234,-0.025722346470244486,-0.013002894257111361
INTC_2024-02-01,8,10.0,0.0,71488,71481,7,18992483.0,747579.0,7978.0,2299.0,245,-0.020016627587337188,-0.020016627587337188,-0.02420064715664797,-0.01585296554421658
INTC_2024-02-01,9,10.0,0.0,166156,166102,54,19688612.0,917791.0,9403.0,7246.0,300,-0.022274736574960565,-0.022274736574960565,-0.026532761655856805,-0.018904468809345213
INTC_2024-04-01,0,10.0,0.0,11809,11777,32,1508679.0,505475.0,8432.0,7443.0,387,-0.06656616751175407,-0.06656616751175407,-0.11181124289171386,-0.01978434435263603
INTC_2024-04-01,1,10.0,0.0,549,547,2,298888.0,60547.0,5700.0,0.0,26,0.03162948142655638,0.03162948142655638,-0.07606617590008426,0.15589342735711104
INTC_2024-04-01,2,10.0,0.0,1025,1020,5,630827.0,103466.0,11530.0,34000.0,37,-0.12244547920615707,-0.12244547920615707,-0.17507781680915696,-0.07220141307881078
INTC_2024-04-01,3,10.0,0.0,1383,1379,4,850595.0,137191.0,14701.0,7200.0,45,-0.06328646576626581,-0.06328646576626581,-0.11575958754816998,-0.00620723556797167
INTC_2024-04-01,4,10.0,0.0,1839,1833,6,1251010.0,164457.0,27165.0,0.0,62,-0.07639488251359049,-0.07639488251359049,-0.11751448681367023,-0.038315401233411546
INTC_2024-04-01,5,10.0,0.0,12120,12115,5,2846645.0,325857.0,2000.0,17598.0,228,-0.053328598311037534,-0.053328598311037534,-0.07165564537782833,-0.03454883369021356
INTC_2024-04-01,6,10.0,0.0,14328,14316,12,3648708.0,389598.0,24907.0,14300.0,170,-0.03312722180107479,-0.03312722180107479,-0.04568769157653299,-0.019135172942608157
INTC_2024-04-01,7,10.0,0.0,20139,20126,13,4991111.0,451469.0,16108.0,27600.0,160,-0.030100230526716763,-0.030100230526716763,-0.03974485623293112,-0.021138447838073872
INTC_2024-04-01,8,10.0,0.0,60015,59984,31,10357699.0,684367.0,17284.0,5400.0,295,-0.02504442511645806,-0.02504442511645806,-0.03336993338384652,-0.018622147763133947
INTC_2024-04-01,9,10.0,0.0,168415,168308,107,16838373.0,754360.0,12008.0,13002.0,321,-0.01863126597631951,-0.01863126597631951,-0.023361716190015258,-0.013168895861909133
INTC_2024-08-02,0,10.0,0.0,28251,28243,8,17639334.0,6301226.0,120663.0,25529.0,1830,-0.18156018154568276,-0.18156018154568276,-0.3138518066755132,-0.07140018634730701
INTC_2024-08-02,1,10.0,0.0,2968,2967,1,4320320.0,1630213.0,6777.0,0.0,182,-0.19181015304957158,-0.19181015304957158,-0.28540638169288757,-0.10222814621413902
INTC_2024-08-02,2,10.0,0.0,4202,4201,1,5176164.0,1506294.0,800.0,0.0,214,-0.03681203021866708,-0.03681203021866708,-0.12603222421910218,0.06579407304009358
INTC_2024-08-02,3,10.0,0.0,5279,5279,0,6179615.0,1682962.0,0.0,0.0,218,-0.09068707520695893,-0.09068707520695893,-0.19397573767398577,0.015416472492431431
INTC_2024-08-02,4,10.0,0.0,7424,7423,1,8183979.0,1799801.0,15000.0,0.0,232,-0.07349824041670172,-0.07349824041670172,-0.13582638651913737,-0.01792265973527175
INTC_2024-08-02,5,10.0,0.0,15507,15501,6,12084698.0,2220685.0,5851.0,0.0,366,-0.06905568509571976,-0.06905568509571976,-0.10941322093278244,-0.029534508129109814
INTC_2024-08-02,6,10.0,0.0,19838,19834,4,14697875.0,2417911.0,112438.0,9000.0,363,-0.06041893786246526,-0.06041893786246526,-0.08815837647927874,-0.03217998125929785
INTC_2024-08-02,7,10.0,0.0,35887,35885,2,22179516.0,2573714.0,23715.0,4200.0,504,-0.0289872467663295,-0.0289872467663295,-0.055143601764046014,-0.001311758489143286
INTC_2024-08-02,8,10.0,0.0,90413,90406,7,38776250.0,2969616.0,7217.0,24400.0,713,-0.031144433148979425,-0.031144433148979425,-0.04120786728500208,-0.021215041921901972
INTC_2024-08-02,9,10.0,0.0,342387,342300,87,65153304.0,4870216.0,39991.0,14604.0,1003,-0.05528490431748008,-0.05528490431748008,-0.06831976200458344,-0.0448427865754236
INTC_2024-10-01,0,10.0,0.0,7886,7855,31,5180638.0,1276439.0,85228.0,0.0,422,-0.09883974724420364,-0.09883974724420364,-0.13206758240742478,-0.06562429403923395
INTC_2024-10-01,1,10.0,0.0,852,848,4,1471200.0,265561.0,5622.0,0.0,48,-0.044643736544838504,-0.044643736544838504,-0.09868171764384398,0.003362717695641449
INTC_2024-10-01,2,10.0,0.0,1986,1982,4,2629152.0,399441.0,46980.0,0.0,69,-0.013472784709667195,-0.013472784709667195,-0.050437357842488345,0.022433316371310918
INTC_2024-10-01,3,10.0,0.0,2829,2821,8,4333799.0,494103.0,92663.0,35280.0,78,-0.004003813953620666,-0.004003813953620666,-0.02305873103983216,0.013604475693098216
INTC_2024-10-01,4,10.0,0.0,3784,3779,5,5346970.0,464850.0,18191.0,9922.0,93,-0.017196115500509954,-0.017196115500509954,-0.05241979355145037,0.013472299254899968
INTC_2024-10-01,5,10.0,0.0,6757,6744,13,7529933.0,667669.0,56459.0,0.0,103,-0.023384830747980128,-0.023384830747980128,-0.04164161529239428,-0.0053617602684349844
INTC_2024-10-01,6,10.0,0.0,10624,10616,8,10948650.0,755406.0,18946.0,39681.0,112,-0.0232554274853163,-0.0232554274853163,-0.0374339865082143,-0.007546042895401525
INTC_2024-10-01,7,10.0,0.0,21945,21933,12,18613738.0,911751.0,30692.0,16050.0,168,-0.007021535020821445,-0.007021535020821445,-0.015087374586001312,0.0015630473303129945
INTC_2024-10-01,8,10.0,0.0,62664,62649,15,37308415.0,1342108.0,49512.0,6718.0,311,-0.010283296322467307,-0.010283296322467307,-0.013916295076431605,-0.006828237894108457
INTC_2024-10-01,9,10.0,0.0,235778,235653,125,58021296.0,2269212.0,66393.0,20227.0,520,-0.016910903009163793,-0.016910903009163793,-0.020363929436266907,-0.01305066936534256
INTC_2024-12-02,0,10.0,0.0,12972,12953,19,8949364.0,3404918.0,37609.0,0.0,855,-0.06422781090921738,-0.06422781090921738,-0.16226075400953668,0.03661355043019412
INTC_2024-12-02,1,10.0,0.0,1653,1651,2,2097920.0,625715.0,4830.0,0.0,118,-0.05499513251882979,-0.05499513251882979,-0.14754125630289552,0.04330279634553638
INTC_2024-12-02,2,10.0,0.0,2579,2577,2,2970818.0,692245.0,10054.0,0.0,119,-0.08773316034621653,-0.08773316034621653,-0.16198566124070363,-0.020749142903064458
INTC_2024-12-02,3,10.0,0.0,3982,3978,4,4234621.0,853875.0,5700.0,21420.0,196,-0.0955226685621086,-0.0955226685621086,-0.1335100377800596,-0.06025537788277874
INTC_2024-12-02,4,10.0,0.0,4246,4245,1,5002806.0,901274.0,3063.0,0.0,149,-0.06480141680036086,-0.06480141680036086,-0.10765614732279748,-0.024445244993428032
INTC_2024-12-02,5,10.0,0.0,10845,10843,2,8738511.0,1077222.0,13576.0,43065.0,253,-0.027168503094871427,-0.027168503094871427,-0.06045995564263794,0.01097892037055436
INTC_2024-12-02,6,10.0,0.0,14549,14544,5,11375557.0,1225158.0,4590.0,15000.0,252,-0.06724253142715901,-0.06724253142715901,-0.08679863719594713,-0.047458421667182255
INTC_2024-12-02,7,10.0,0.0,28898,28886,12,19211863.0,1481348.0,10776.0,30400.0,361,-0.04608766081308174,-0.04608766081308174,-0.06640432644318088,-0.028867330318407405
INTC_2024-12-02,8,10.0,0.0,76610,76594,16,35877510.0,2047760.0,19345.0,0.0,631,-0.030334161508366375,-0.030334161508366375,-0.03872176283261039,-0.02246840292048629
INTC_2024-12-02,9,10.0,0.0,211470,211355,115,46788792.0,2619516.0,26287.0,13513.0,661,-0.03884299440218797,-0.03884299440218797,-0.04419855608572447,-0.03285254889249137
AAPL_2024-02-01,0,10.0,0.0,86803,86695,108,8478532.0,1674950.0,38040.0,1389.0,2043,-0.04055694073587506,-0.04055694073587506,-0.06705901563693152,-0.016118079410547628
AAPL_2024-02-01,1,10.0,0.0,7619,7617,2,1096664.0,188362.0,400.0,0.0,138,-0.037561040649586555,-0.037561040649586555,-0.10775696534982954,0.021875433650706853
AAPL_2024-02-01,2,10.0,0.0,16838,16827,11,1971851.0,244122.0,3820.0,100.0,197,-0.014994112729112654,-0.014994112729112654,-0.05194638333206742,0.024894974225545957
AAPL_2024-02-01,3,10.0,0.0,16929,16920,9,1923984.0,245179.0,2259.0,141.0,216,-0.0064890184410037206,-0.0064890184410037206,-0.03895018923988433,0.02529851474449877
AAPL_2024-02-01,4,10.0,0.0,11011,11004,7,1233143.0,173530.0,1201.0,100.0,129,-0.02886743943035763,-0.02886743943035763,-0.07352494841748827,0.013378637389283701
AAPL_2024-02-01,5,10.0,0.0,75117,75099,18,7536300.0,793321.0,2565.0,800.0,848,-0.03757046147431152,-0.03757046147431152,-0.05171259840881247,-0.021730183990364554
AAPL_2024-02-01,6,10.0,0.0,65032,64996,36,6139848.0,585096.0,3957.0,1232.0,625,-0.026549800882737985,-0.026549800882737985,-0.04196846474404627,-0.010122109120657552
AAPL_2024-02-01,7,10.0,0.0,66026,66012,14,5716624.0,473725.0,1163.0,300.0,593,-0.027079183011246236,-0.027079183011246236,-0.04330363773022741,-0.011464951135402976
AAPL_2024-02-01,8,10.0,0.0,89933,89915,18,5190792.0,382084.0,1491.0,125.0,638,-0.023475110582333463,-0.023475110582333463,-0.035847159892386425,-0.010989241073719172
AAPL_2024-02-01,9,10.0,0.0,86502,86480,22,2059690.0,128237.0,853.0,101.0,210,-0.05060714718804115,-0.05060714718804115,-0.06779422675924406,-0.03548808243661811
AAPL_2024-04-01,0,10.0,0.0,24727,24343,384,3259605.0,1222279.0,150885.0,11035.0,779,-0.06634761955054926,-0.06634761955054926,-0.126360329740496,-0.020284854854207883
AAPL_2024-04-01,1,10.0,0.0,1260,1240,20,590138.0,254788.0,25290.0,0.0,52,-0.18149032782737556,-0.18149032782737556,-0.3253160525364449,-0.047725871223339336
AAPL_2024-04-01,2,10.0,0.0,2933,2917,16,942131.0,345871.0,12477.0,0.0,99,-0.0909475883468376,-0.0909475883468376,-0.17501795098678763,-0.01284663104530157
AAPL_2024-04-01,3,10.0,0.0,3890,3856,34,1160784.0,345341.0,21007.0,0.0,95,-0.011744434018760476,-0.011744434018760476,-0.0925002372918873,0.07531097380248733
AAPL_2024-04-01,4,10.0,0.0,4221,4209,12,1170858.0,280292.0,8716.0,400.0,116,-0.09159315901020207,-0.09159315901020207,-0.18833451635003043,-0.011217371821725844
AAPL_2024-04-01,5,10.0,0.0,24763,24664,99,3461355.0,625732.0,21827.0,498.0,433,-0.03658147129014143,-0.03658147129014143,-0.06530648848698044,-0.009181365799590998
AAPL_2024-04-01,6,10.0,0.0,29850,29801,49,3787738.0,568149.0,10834.0,4361.0,337,-0.025096936236900385,-0.025096936236900385,-0.04353270182622216,-0.007633874270590984
AAPL_2024-04-01,7,10.0,0.0,52324,52284,40,5933771.0,615326.0,8647.0,300.0,417,-0.021920892045978278,-0.021920892045978278,-0.03218944624027127,-0.012869765434090007
AAPL_2024-04-01,8,10.0,0.0,135358,135306,52,13509144.0,961301.0,11938.0,1590.0,665,-0.0121183321841116,-0.0121183321841116,-0.017735876126182385,-0.006872177648442639
AAPL_2024-04-01,9,10.0,0.0,120369,120063,306,8620505.0,534963.0,21885.0,2872.0,308,-0.029921286129147063,-0.029921286129147063,-0.04192604791328743,-0.0178656577373586
AAPL_2024-06-03,0,10.0,0.0,77308,77171,137,8152283.0,2861100.0,61136.0,1660.0,2430,-0.1669111174771022,-0.1669111174771022,-0.219004577921149,-0.11508422655357758
AAPL_2024-06-03,1,10.0,0.0,6799,6790,9,1022174.0,243604.0,9203.0,18.0,283,0.009647191944860963,0.009647191944860963,-0.05493016809015494,0.07522496827434506
AAPL_2024-06-03,2,10.0,0.0,9612,9605,7,1321219.0,351045.0,3700.0,3100.0,325,-0.05667679337340028,-0.05667679337340028,-0.13459988430591902,0.02072399577990695
AAPL_2024-06-03,3,10.0,0.0,11398,11374,24,1538792.0,424190.0,5570.0,100.0,309,-0.15064416051881072,-0.15064416051881072,-0.2201555680277535,-0.0764910242687127
AAPL_2024-06-03,4,10.0,0.0,9694,9684,10,1296535.0,403089.0,7819.0,0.0,247,-0.18984511978021146,-0.18984511978021146,-0.283432831008557,-0.09681276657492012
AAPL_2024-06-03,5,10.0,0.0,53347,53309,38,5584089.0,1027967.0,7585.0,1700.0,998,-0.05336996606946524,-0.05336996606946524,-0.07480004186831862,-0.03235867926292344
AAPL_2024-06-03,6,10.0,0.0,54095,54056,39,5343306.0,828848.0,6528.0,500.0,801,-0.05867395119686368,-0.05867395119686368,-0.08058655416688182,-0.036029819800580454
AAPL_2024-06-03,7,10.0,0.0,73864,73835,29,6685335.0,690296.0,4623.0,600.0,672,-0.03937325546427067,-0.03937325546427067,-0.057665689318451764,-0.021211989830001162
AAPL_2024-06-03,8,10.0,0.0,108824,108781,43,7628322.0,529743.0,4511.0,887.0,612,-0.025034499971692,-0.025034499971692,-0.04242869468812933,-0.010362091129351148
AAPL_2024-06-03,9,10.0,0.0,88241,88179,62,2544535.0,175192.0,2297.0,1000.0,253,-0.03699068626893951,-0.03699068626893951,-0.06483178857100337,-0.00729038427483768
AAPL_2024-08-01,0,10.0,0.0,129227,129091,136,10219523.0,2797915.0,28591.0,9793.0,3123,-0.15703732833581976,-0.15703732833581976,-0.19782128807618635,-0.11572045071804206
AAPL_2024-08-01,1,10.0,0.0,14158,14149,9,1548981.0,306481.0,3174.0,0.0,409,-0.04825359837375654,-0.04825359837375654,-0.11076468530948212,0.01146058799699945
AAPL_2024-08-01,2,10.0,0.0,23637,23622,15,2519107.0,420673.0,2400.0,0.0,539,-0.015945185234800575,-0.015945185234800575,-0.07762407492844382,0.047458061644742526
AAPL_2024-08-01,3,10.0,0.0,21743,21732,11,2258868.0,418150.0,1380.0,0.0,484,-0.08677068769277113,-0.08677068769277113,-0.13992794789279378,-0.03834802767524829
AAPL_2024-08-01,4,10.0,0.0,15990,15985,5,1603710.0,352550.0,500.0,200.0,291,-0.11935023274438745,-0.11935023274438745,-0.20282098089277084,-0.03786625302477671
AAPL_2024-08-01,5,10.0,0.0,86435,86407,28,7838458.0,1027083.0,3422.0,1400.0,1268,-0.0772443110471777,-0.0772443110471777,-0.1108808985962592,-0.046344273421406235
AAPL_2024-08-01,6,10.0,0.0,62823,62813,10,5141649.0,660546.0,1096.0,200.0,764,-0.08395736775408294,-0.08395736775408294,-0.11550669696845428,-0.0512293791179338
AAPL_2024-08-01,7,10.0,0.0,55957,55952,5,3923256.0,458004.0,440.0,0.0,535,-0.06322144139759599,-0.06322144139759599,-0.10431177371037773,-0.020860835130745603
AAPL_2024-08-01,8,10.0,0.0,82917,82910,7,3040373.0,293594.0,300.0,300.0,442,-0.057695999485320545,-0.057695999485320545,-0.08993400369414098,-0.025127890245469995
AAPL_2024-08-01,9,10.0,0.0,112054,112041,13,1637764.0,146943.0,880.0,149.0,338,-0.056154710371439626,-0.056154710371439626,-0.08386557648071921,-0.03054693539025157
AAPL_2024-10-01,0,10.0,0.0,219380,219127,253,11725880.0,2811007.0,30459.0,762.0,3951,-0.024089691898492426,-0.024089691898492426,-0.050956809934871526,0.0011519123731616667
AAPL_2024-10-01,1,10.0,0.0,12148,12141,7,1317383.0,330411.0,4946.0,0.0,263,-0.05468446965490625,-0.05468446965490625,-0.10208452160133252,-0.006555729346732772
AAPL_2024-10-01,2,10.0,0.0,34048,34030,18,2811162.0,445698.0,4308.0,0.0,535,-0.021072157380676092,-0.021072157380676092,-0.05240948801220041,0.009216853933654129
AAPL_2024-10-01,3,10.0,0.0,33549,33519,30,2838025.0,461815.0,5831.0,100.0,528,-0.035425035382809195,-0.035425035382809195,-0.07014694459070737,-0.0016781891261104442
AAPL_2024-10-01,4,10.0,0.0,41207,41197,10,2789602.0,345850.0,797.0,0.0,455,0.00422291133655791,0.00422291133655791,-0.022174227135685426,0.029477678829785952
AAPL_2024-10-01,5,10.0,0.0,98715,98678,37,5844705.0,761444.0,4105.0,0.0,1117,-0.02082765904329216,-0.02082765904329216,-0.058028491654529946,0.008691404603072642
AAPL_2024-10-01,6,10.0,0.0,85305,85250,55,4816402.0,569059.0,6686.0,100.0,731,-0.0010630327365549947,-0.0010630327365549947,-0.028475481385024936,0.030064746426318442
AAPL_2024-10-01,7,10.0,0.0,139409,139394,15,5159787.0,419573.0,3571.0,200.0,660,-0.004091487062882394,-0.004091487062882394,-0.01668708017434565,0.007705206338541739
AAPL_2024-10-01,8,10.0,0.0,198590,198554,36,5659026.0,293292.0,2657.0,100.0,488,0.002308196467363419,0.002308196467363419,-0.006137447685141728,0.010326635034965422
AAPL_2024-10-01,9,10.0,0.0,152448,152415,33,2730937.0,117888.0,1072.0,470.0,194,-0.007101993410552905,-0.007101993410552905,-0.019535022609986265,0.006059145405132384
