session,latency_s,latency,quotes,fills,fill_rate,crossed_share,alone_share,median_ahead,gross_ticks,adverse_ticks,net_ticks,net_total_ticks
MSFT_2024-02-01,0.0,0,273428,1653,0.006045467179659728,7.314539842298522e-05,0.004696278089887641,100.0,1.8339382940108893,1.8030852994555353,0.030852994555353903,51.0
MSFT_2024-02-01,1e-05,10us,273427,5355,0.01958475205447889,9.874664901417929e-05,0.008767373811265545,100.0,1.1895424836601307,1.6947712418300653,-0.5052287581699346,-2705.5
MSFT_2024-02-01,0.0001,100us,273344,4824,0.017648091781784125,0.001529208616249122,0.08463099887881696,100.0,0.9808250414593698,1.5443615257048093,-0.5635364842454395,-2718.5
MSFT_2024-02-01,0.001,1ms,271072,5700,0.02102762365718333,0.007079299964585055,0.17801770740062345,77.0,0.12929824561403508,0.9374561403508772,-0.8081578947368421,-4606.5
MSFT_2024-02-01,0.01,10ms,268942,6322,0.023506927144142604,0.011548958511500621,0.2621691569238177,50.0,-0.8924391015501424,0.43846883897500794,-1.3309079405251503,-8414.0
MSFT_2024-02-01,0.1,100ms,262337,8240,0.0314099802925245,0.021784955991720572,0.3308173110645229,50.0,-2.4054611650485436,-0.5867718446601942,-1.8186893203883494,-14986.0
MSFT_2024-04-01,0.0,0,232263,1419,0.0061094535074463,1.2916392193332558e-05,0.004426074227159218,100.0,1.533474277660324,1.7526427061310783,-0.21916842847075405,-311.0
MSFT_2024-04-01,1e-05,10us,232259,4749,0.020447000977357174,3.444430571043533e-05,0.008990273454150897,100.0,0.9676774057696357,1.4058749210360075,-0.43819751526637185,-2081.0
MSFT_2024-04-01,0.0001,100us,232169,4217,0.01816349297279137,0.0010251153254741158,0.08968184503149644,80.0,0.8291439411904197,1.629475930756462,-0.8003319895660422,-3375.0
MSFT_2024-04-01,0.001,1ms,230845,4765,0.0206415560224393,0.004981697675929736,0.19070506541283005,51.0,0.20157397691500525,1.7623294858342078,-1.5607555089192025,-7437.0
MSFT_2024-04-01,0.01,10ms,229170,5378,0.023467295021163327,0.011162019461535106,0.27918203802093444,50.0,-0.8425065079955374,1.4307363332093714,-2.273242841204909,-12225.5
MSFT_2024-04-01,0.1,100ms,224732,7079,0.03149974191481409,0.021790399231084136,0.3348420406213751,50.0,-2.2579460375759286,1.358949004096624,-3.6168950416725525,-25604.0
MSFT_2024-06-03,0.0,0,136699,1710,0.012509235619865545,7.315342467757628e-05,0.00673792331497048,50.0,2.1026315789473684,1.481578947368421,0.6210526315789474,1062.0
MSFT_2024-06-03,1e-05,10us,136694,5589,0.04088694456230705,0.00013168098087699534,0.012643039011969915,50.0,1.5459831812488818,1.4929325460726426,0.05305063517623904,296.5
MSFT_2024-06-03,0.0001,100us,136606,4344,0.031799481721154266,0.0011932125968112674,0.07789333274700791,60.0,1.412523020257827,1.588743093922652,-0.17622007366482503,-765.5
MSFT_2024-06-03,0.001,1ms,135303,4029,0.02977761025254429,0.004345801645196337,0.13579037226737928,57.0,0.9162323157110945,1.2741375031025068,-0.35790518739141225,-1442.0
MSFT_2024-06-03,0.01,10ms,133362,4308,0.03230305484320871,0.011637497937943343,0.20047037402321524,50.0,-0.33646703806870937,0.9699396471680595,-1.3064066852367688,-5628.0
MSFT_2024-06-03,0.1,100ms,129853,5230,0.04027631244561158,0.02361131433236044,0.27826196692089883,50.0,-1.9978967495219886,0.8041108986615679,-2.8020076481835563,-14654.5
MSFT_2024-10-01,0.0,0,252126,1592,0.006314303165877379,3.1730166662700394e-05,0.005985292601083619,50.0,2.1557788944723617,1.7754396984924623,0.3803391959798995,605.5
MSFT_2024-10-01,1e-05,10us,252120,5410,0.021458035855941616,5.156274789782643e-05,0.011007231056654515,50.0,1.4235674676524954,1.28909426987061,0.1344731977818854,727.5
MSFT_2024-10-01,0.0001,100us,251916,4099,0.016271296781466837,0.001333777925975325,0.09005485332697352,50.0,1.179190046352769,1.2398145889241279,-0.060624542571358866,-248.5
MSFT_2024-10-01,0.001,1ms,249448,4407,0.017667008755331774,0.004445816362528463,0.15623401882104704,47.0,0.45620603585205355,0.7167007034263672,-0.2604946675743136,-1148.0
MSFT_2024-10-01,0.01,10ms,246811,4983,0.02018953774345552,0.009274303009185166,0.2606554829422301,25.0,-0.5335139474212321,0.24613686534216336,-0.7796508127633955,-3885.0
MSFT_2024-10-01,0.1,100ms,240282,6979,0.02904503874613995,0.020838015331984917,0.34781851025395816,19.0,-2.332640779481301,-0.2875053732626451,-2.0451354062186557,-14273.0
MSFT_2024-12-02,0.0,0,84423,961,0.011383153879866862,0.00023690226597017402,0.012084878499579399,95.0,2.350156087408949,2.1592091571279917,0.19094693028095733,183.5
MSFT_2024-12-02,1e-05,10us,84423,3116,0.03690937303815311,0.0003316631723582436,0.019704958824574917,85.0,1.737163029525032,1.9866816431322207,-0.24951861360718872,-777.5
MSFT_2024-12-02,0.0001,100us,84363,2700,0.03200455175847232,0.0023825610753529392,0.11255673581901571,48.0,1.4753703703703704,1.9444444444444444,-0.4690740740740741,-1266.5
MSFT_2024-12-02,0.001,1ms,83462,2872,0.03441086961731087,0.007692123361529798,0.20246317314658296,27.0,0.6615598885793872,1.8706476323119776,-1.2090877437325904,-3472.5
MSFT_2024-12-02,0.01,10ms,82003,3326,0.040559491725912465,0.018096898893942906,0.26775046883344306,19.0,-1.0411906193625977,1.9028863499699338,-2.9440769693325315,-9792.0
MSFT_2024-12-02,0.1,100ms,79814,3970,0.04974064700428496,0.030821660360337785,0.3179279675259198,10.0,-3.517506297229219,1.01183879093199,-4.529345088161209,-17981.5
INTC_2024-02-01,0.0,0,24142,1133,0.04693066026012758,0.0,0.0011598044901002403,392.0,0.5154457193292145,0.8261253309796999,-0.3106796116504854,-352.0
INTC_2024-02-01,1e-05,10us,24142,2334,0.09667798856764145,0.0002899511225250601,0.007748083695877357,413.0,0.19730077120822623,0.50471293916024,-0.3074121679520137,-717.5
INTC_2024-02-01,0.0001,100us,24142,1846,0.07646425316875155,0.03023775992047055,0.049376388177003246,901.0,-0.07936078006500542,0.271397616468039,-0.3507583965330444,-647.5
INTC_2024-02-01,0.001,1ms,24139,3826,0.1584986950577903,0.12411450350055926,0.0344321997824339,1001.0,-0.35467851542080503,-0.008625196027182437,-0.3460533193936226,-1324.0
INTC_2024-02-01,0.01,10ms,24132,4320,0.1790154152163103,0.14176197579976793,0.04360001931340833,819.0,-0.3832175925925926,0.01238425925925926,-0.39560185185185187,-1709.0
INTC_2024-02-01,0.1,100ms,24075,4760,0.1977154724818276,0.16581516095534787,0.05397599960165314,831.0,-0.5012605042016807,-0.10714285714285714,-0.3941176470588235,-1876.0
INTC_2024-04-01,0.0,0,19372,1506,0.077741069584968,5.162089613875697e-05,0.001135718341851221,303.0,0.5079681274900398,0.7148074369189907,-0.20683930942895087,-311.5
INTC_2024-04-01,1e-05,10us,19372,2690,0.13886021061325624,0.00046458806524881275,0.010793781955275526,401.0,0.22695167286245352,0.483457249070632,-0.25650557620817843,-690.0
INTC_2024-04-01,0.0001,100us,19372,1784,0.09209167871154243,0.020958083832335328,0.04639881893915428,785.0,0.05521300448430493,0.4439461883408072,-0.38873318385650224,-693.5
INTC_2024-04-01,0.001,1ms,19372,3383,0.17463349163741482,0.11805698946933718,0.029265437518290898,804.0,-0.2791900679869938,0.07419450192137156,-0.35338456990836536,-1195.5
INTC_2024-04-01,0.01,10ms,19342,4006,0.20711405232137317,0.1474511425912522,0.0335961188599151,727.0,-0.3676984523215177,0.010234648027958064,-0.3779331003494758,-1514.0
INTC_2024-04-01,0.1,100ms,19319,4405,0.22801387235364148,0.16967751954034888,0.046942210585374976,722.0,-0.4368898978433598,0.11997729852440409,-0.5568671963677639,-2453.0
INTC_2024-08-02,0.0,0,52478,3735,0.07117268188574259,0.0,0.0017340599870421891,984.0,0.512182061579652,0.6143239625167336,-0.10214190093708166,-381.5
INTC_2024-08-02,1e-05,10us,52478,7618,0.1451655932009604,0.00041922329357063913,0.011705048040262315,1074.5,0.23273825150958258,0.5635337358886847,-0.3307954843791021,-2520.0
INTC_2024-08-02,0.0001,100us,52478,6247,0.1190403597698083,0.011357140134913677,0.047453837554450484,1300.0,0.15255322554826317,0.5261725628301585,-0.37361933728189534,-2334.0
INTC_2024-08-02,0.001,1ms,52469,8633,0.16453524938535136,0.06868817778116602,0.07209659265322828,1400.0,-0.0916830765666628,0.45633036024556933,-0.5480134368122321,-4731.0
INTC_2024-08-02,0.01,10ms,52333,10711,0.2046700934400856,0.11577780750195861,0.07896442926913602,1401.0,-0.2837736905984502,0.3266268322285501,-0.6104005228270003,-6538.0
INTC_2024-08-02,0.1,100ms,52047,12286,0.2360558725767095,0.16187292255077143,0.08502590436018523,1518.0,-0.5229936513104346,0.37856096369851866,-0.9015546150089533,-11076.5
INTC_2024-10-01,0.0,0,14438,1189,0.08235212633328716,0.0,0.0009004017176894307,1500.0,0.5004205214465938,0.6047098402018503,-0.10428931875525652,-124.0
INTC_2024-10-01,1e-05,10us,14438,2136,0.14794292838343262,0.0002770466823659787,0.006512401274767909,1851.0,0.2165262172284644,0.4440543071161049,-0.22752808988764045,-486.0
INTC_2024-10-01,0.0001,100us,14438,1045,0.07237844576811192,0.010804820612273168,0.035429211595014706,3540.0,0.09665071770334928,0.3076555023923445,-0.21100478468899522,-220.5
INTC_2024-10-01,0.001,1ms,14438,1935,0.1340213325945422,0.08491480814517247,0.023539206781713593,3885.0,-0.24496124031007752,0.11085271317829458,-0.3558139534883721,-688.5
INTC_2024-10-01,0.01,10ms,14433,2311,0.16011917134344905,0.11355920460056815,0.019227763013912772,3600.0,-0.3191259195153613,-0.035482475118996104,-0.2836434443963652,-655.5
INTC_2024-10-01,0.1,100ms,14419,2620,0.18170469519384147,0.14258963867119773,0.025317479576154656,3492.0,-0.42309160305343513,-0.04541984732824427,-0.37767175572519085,-989.5
INTC_2024-12-02,0.0,0,24160,2065,0.08547185430463576,0.0,0.000869205298013245,1300.0,0.5113801452784503,0.6617433414043583,-0.15036319612590798,-310.5
INTC_2024-12-02,1e-05,10us,24160,3630,0.15024834437086093,0.00020695364238410596,0.007700269095425378,1430.0,0.24917355371900826,0.5398071625344353,-0.290633608815427,-1055.0
INTC_2024-12-02,0.0001,100us,24158,2480,0.10265750476032784,0.015646990644920936,0.04373423044575273,2100.0,0.11653225806451613,0.3967741935483871,-0.28024193548387094,-695.0
INTC_2024-12-02,0.001,1ms,24155,4110,0.17015110743117368,0.08979507348375078,0.04248157918675521,2095.5,-0.1818734793187348,0.13199513381995134,-0.31386861313868614,-1290.0
INTC_2024-12-02,0.01,10ms,24107,5123,0.21251088895341602,0.1348570954494545,0.043632527809743,2100.0,-0.33369119656451296,0.16260003903962522,-0.4962912356041382,-2542.5
INTC_2024-12-02,0.1,100ms,23960,6007,0.25070951585976625,0.18105175292153589,0.0505045357252064,2130.0,-0.5397869152655236,-0.04036956883635758,-0.49941734642916596,-3000.0
AAPL_2024-02-01,0.0,0,152549,2811,0.018426866121705156,7.866324918550761e-05,0.0035663478369182557,100.0,0.6979722518676628,0.8614372109569548,-0.16346495908929207,-459.5
AAPL_2024-02-01,1e-05,10us,152549,8992,0.05894499472300704,0.00014421595684009728,0.006982370334432593,100.0,0.3076067615658363,0.578125,-0.2705182384341637,-2432.5
AAPL_2024-02-01,0.0001,100us,152535,6627,0.04344576654538303,0.004556331333792244,0.062065331928345624,155.0,0.20944620491926966,0.5740153915799004,-0.36456918666063076,-2416.0
AAPL_2024-02-01,0.001,1ms,152185,8171,0.0536912310674508,0.02127016460229326,0.11234793350699573,150.0,-0.14545343287235343,0.25492595765512177,-0.40037939052747523,-3271.5
AAPL_2024-02-01,0.01,10ms,151286,10743,0.07101119733484923,0.04238330050368177,0.16047738034429918,150.0,-0.5302522572838128,-0.10825653914176674,-0.421995718142046,-4533.5
AAPL_2024-02-01,0.1,100ms,149439,15195,0.10168028426314416,0.07722214415246355,0.21841347652992407,145.0,-0.9663047054952287,-0.1054623231326094,-0.8608423823626192,-13080.5
AAPL_2024-04-01,0.0,0,46407,2858,0.061585536664727304,8.619389316266943e-05,0.0017240264638062194,200.0,0.5337648705388384,0.675297410776767,-0.14153254023792863,-404.5
AAPL_2024-04-01,1e-05,10us,46407,5851,0.1260801172236947,0.0006680026720106881,0.008625150940141452,286.0,0.2325243548111434,0.43189198427619213,-0.1993676294650487,-1166.5
AAPL_2024-04-01,0.0001,100us,46407,4183,0.09013726377486155,0.014415928631456462,0.049127640036730945,400.0,0.09897202964379632,0.3386325603633756,-0.23966053071957924,-1002.5
AAPL_2024-04-01,0.001,1ms,46368,6941,0.14969375431331952,0.07231280193236715,0.06497733348831802,400.0,-0.17137300100850023,0.24348076646016426,-0.4148537674686645,-2879.5
AAPL_2024-04-01,0.01,10ms,46241,8580,0.1855496204666854,0.10897255682186804,0.07567593806125916,400.0,-0.3372960372960373,0.10524475524475524,-0.44254079254079254,-3797.0
AAPL_2024-04-01,0.1,100ms,45769,10032,0.21918765976971313,0.1523738775153488,0.08642866348756283,420.0,-0.5569677033492823,-0.061503189792663476,-0.4954645135566188,-4970.5
AAPL_2024-06-03,0.0,0,142948,5220,0.03651677533088955,2.0986652489016985e-05,0.00232257161845465,107.0,0.6433908045977011,0.743103448275862,-0.09971264367816092,-520.5
AAPL_2024-06-03,1e-05,10us,142947,13263,0.09278263971961637,0.0007765115742198157,0.009808451650844326,125.0,0.29303325039583805,0.6823116941868356,-0.3892784437909975,-5163.0
AAPL_2024-06-03,0.0001,100us,142945,13353,0.0934135506663402,0.01397040819895764,0.09003320373471067,200.0,0.1492174043286153,0.7624878304500862,-0.6132704261214709,-8189.0
AAPL_2024-06-03,0.001,1ms,142720,17480,0.12247757847533633,0.051443385650224216,0.12377934376338844,200.0,-0.1538329519450801,0.6330949656750572,-0.7869279176201373,-13755.5
AAPL_2024-06-03,0.01,10ms,142082,20463,0.14402246589997325,0.07738489041539393,0.15463013113428487,200.0,-0.3731124468552998,0.33853784880027366,-0.7116502956555735,-14562.5
AAPL_2024-06-03,0.1,100ms,140235,24041,0.17143366491959924,0.11602666951902164,0.17768868381142913,207.0,-0.737448525435714,0.29632710785741023,-1.0337756332931243,-24853.0
AAPL_2024-08-01,0.0,0,228944,6139,0.026814417499475853,5.67824446152771e-05,0.004542853523550764,100.0,0.989249063365369,0.9286528750610848,0.060596188304284086,372.0
AAPL_2024-08-01,1e-05,10us,228943,16922,0.07391359421340683,0.00031012085977732447,0.010604180502639029,100.0,0.5910057912776268,1.0582968916203759,-0.46729110034274907,-7907.5
AAPL_2024-08-01,0.0001,100us,228929,14364,0.0627443443163601,0.0074783011326655865,0.08417063864059468,125.0,0.3967557783347257,1.1461640211640212,-0.7494082428292954,-10764.5
AAPL_2024-08-01,0.001,1ms,228332,16775,0.07346758229245134,0.02350086715834837,0.14364970443924185,120.0,0.06378539493293592,1.0909090909090908,-1.027123695976155,-17230.0
AAPL_2024-08-01,0.01,10ms,226734,18960,0.08362221810579798,0.04095548087185866,0.19640097862477465,120.0,-0.43900316455696203,1.2481276371308017,-1.6871308016877637,-31988.0
AAPL_2024-08-01,0.1,100ms,222348,24582,0.11055642506341411,0.07729325201935705,0.2469268188066016,120.0,-1.2593360995850622,1.0647018143356928,-2.324037913920755,-57129.5
AAPL_2024-10-01,0.0,0,402805,4796,0.011906505629274712,5.461699829942528e-05,0.0029147208298264823,85.0,0.7360300250208507,0.5871559633027523,0.14887406171809842,714.0
AAPL_2024-10-01,1e-05,10us,402805,15704,0.03898660642246248,0.00017378135822544407,0.005604181409611779,87.0,0.3442116658176261,0.5633596535914417,-0.21914798777381558,-3441.5
AAPL_2024-10-01,0.0001,100us,402785,15474,0.038417518030711174,0.006921806919324205,0.08311812338592539,85.0,0.16350006462453148,0.359603205376761,-0.19610314075222954,-3034.5
AAPL_2024-10-01,0.001,1ms,402211,19429,0.04830549139630692,0.02215006551287757,0.13884495883570386,85.0,-0.1736064645632817,0.20304699161047918,-0.3766534561737609,-7318.0
AAPL_2024-10-01,0.01,10ms,400140,24925,0.06229069825561054,0.040753236367271455,0.20514911432836677,85.0,-0.6125376128385156,-0.14194583751253761,-0.47059177532597796,-11729.5
AAPL_2024-10-01,0.1,100ms,393510,40987,0.10415745470254885,0.08764707377194988,0.24015653724026517,95.0,-1.2227901529753336,-0.040952009173640426,-1.1818381438016932,-48440.0
