session,decile,orders,fill_prob,median_ttf_s,median_life_s,median_own_size,adverse_1s,adverse_10s,adverse_60s,adverse_10s_lo,adverse_10s_hi,half_spread_ticks,edge_ticks
MSFT_2024-02-01,0,165926,0.11223678025143739,0.04251382700022077,0.012192151501949411,100.0,1.2478118455673093,1.15658057241046,0.7564570692154863,0.9117497806685491,1.4025069477482799,2.069856442028374,0.1025031430872462
MSFT_2024-02-01,1,9007,0.06983457310980348,0.3108872849988984,0.0016947080002864823,100.0,1.2567567567567568,2.014308426073132,2.1232114467408585,0.9701315425483304,3.163572786313955,1.9530920395248141,-0.004275020221926501
MSFT_2024-02-01,2,8442,0.09144752428334518,0.5266614784995909,0.0048478539974894375,100.0,2.1243523316062176,1.7882124352331605,1.5621761658031088,0.566655107187894,3.0583693947490707,2.2101990049751246,0.03858962708372379
MSFT_2024-02-01,3,24927,0.07951217555261363,0.5166592899950047,0.04350224199879449,100.0,1.7020686175580222,1.6062058526740666,2.6125126135216954,0.863722337010348,2.343210288098372,2.1610903839210494,0.044120076259939814
MSFT_2024-02-01,4,6576,0.15130778588807786,0.407343390994356,0.05282114849978825,100.0,1.8090452261306533,1.264321608040201,1.2221105527638192,0.2964814443524603,2.245068252219908,2.157162408759124,0.13509376470731876
MSFT_2024-02-01,5,22865,0.12048983162038049,0.4058889009975246,0.03600536000158172,100.0,1.731578947368421,1.6032667876588023,2.8551724137931034,0.7376056991589849,2.47821190788158,2.1639405204460966,0.06755548365751131
MSFT_2024-02-01,6,25788,0.09089498991779123,0.5185119700036012,0.12396369900307036,50.0,1.4658703071672354,1.5930034129692834,2.526877133105802,0.6869414740118902,2.371673144303733,2.1674616100511868,0.05221537203195213
MSFT_2024-02-01,7,20036,0.09348173288081453,0.4745543530007126,0.08993219599869917,40.0,1.796583021890016,2.1484249866524294,4.537106246663107,1.4587717497335337,2.8223673434801224,2.164928129367139,0.0015427423789504376
MSFT_2024-02-01,8,15360,0.13912760416666667,0.5905608260000008,0.10625840249849716,40.0,1.5493682732802996,1.8710809546092653,2.6408516612073,1.269753197860137,2.461808313906572,2.2,0.045761718750000034
MSFT_2024-02-01,9,21311,0.22542349021632022,0.768777006502205,0.10655181600304786,4.0,1.4224604496253122,1.5326810990840967,2.838676103247294,1.1199808974376397,1.9026730552638325,2.0311106940077894,0.11235773891480551
MSFT_2024-04-01,0,142955,0.0913364345423385,0.020892521002679132,0.0066558410035213456,100.0,1.4394960557555334,1.6993949605575553,1.9783640958872635,1.3985369505804277,2.0393046818796186,1.9788534853625266,0.025524745258147737
MSFT_2024-04-01,1,7024,0.06961845102505695,0.14107030400191434,0.0025150679975922685,100.0,1.1543967280163598,0.9406952965235174,3.754601226993865,-0.15846203346203344,2.289372823947926,1.8885250569476082,0.06598643975617603
MSFT_2024-04-01,2,6724,0.08848899464604403,0.10399546300322982,0.0020321394986240193,100.0,1.1663865546218488,1.2529411764705882,1.2512605042016807,-0.0766831877592057,2.8040538532187997,2.0194824509220703,0.06783046673090896
MSFT_2024-04-01,3,36957,0.0379089211786671,0.3738039910022053,0.0004547770004137419,100.0,1.6177730192719486,1.904710920770878,1.2109207708779444,1.2052558630662453,2.740890682530244,1.9795032064290932,0.0028352948617896365
MSFT_2024-04-01,4,12762,0.08180535966149506,0.3002149899984943,0.0010176849973504432,100.0,1.5502873563218391,1.564176245210728,2.9650383141762453,0.7443063834842737,2.500586985142817,1.8719636420623726,0.025178658698724106
MSFT_2024-04-01,5,24410,0.09786972552232691,0.6244939770040219,0.07203577999825939,73.0,1.3827961490163247,1.10108832147342,0.4742570113017999,0.45206068303537367,1.7283594301950544,2.0610200737402704,0.09394825711452297
MSFT_2024-04-01,6,24837,0.0977573781052462,0.5843718945034198,0.11408125500020105,50.0,1.4161861614497528,1.235172981878089,0.8344316309719935,0.6896604558814828,1.8224074640335823,2.086725449933567,0.08324553659615494
MSFT_2024-04-01,7,17809,0.10112864282104554,0.6103738800011342,0.10245666300033918,50.0,1.5602443087173792,1.8337034980566351,2.5541365907828983,1.2245126002138513,2.5842311776250546,2.036835307990342,0.02054244425237836
MSFT_2024-04-01,8,17259,0.09566023523958514,0.49383242400654126,0.09999764599342598,40.0,1.142640823743186,1.4772864930345246,0.38340399757722593,0.9313454795357778,2.1043425079155567,2.0676748363172837,0.056476687801137675
MSFT_2024-04-01,9,24617,0.14388430759231424,0.8358547190000536,0.08725996400607983,4.0,1.5894974590626765,1.6751835121400338,1.7974308300395256,1.3002048798426433,2.0441921675621044,1.9361416907015476,0.03754778683287492
MSFT_2024-06-03,0,80433,0.14997575621946216,0.0553255690028891,0.07171160799771314,50.0,1.4212053386388128,1.7665588991129901,3.136740445991876,1.3211726752872703,2.1650587636021914,2.5831623835987716,0.1224707251172029
MSFT_2024-06-03,1,7460,0.10442359249329759,0.20879197400063276,0.18861869650208973,50.0,1.4736842105263157,1.3093709884467266,0.689987163029525,0.32642769690810114,2.315691554246996,2.562131367292225,0.13081773929231144
MSFT_2024-06-03,2,8652,0.10922330097087378,0.2510253240034217,0.20002084549923893,50.0,1.4264550264550264,0.8994708994708994,3.055026455026455,0.0002894900316425134,1.7702848399503677,2.6712898751733705,0.19352391724905627
MSFT_2024-06-03,3,13563,0.09253115092531151,0.2530170360041666,0.1474610549994395,50.0,1.5860557768924304,0.9633466135458167,4.566135458167331,0.24025472083870827,1.718780831116506,2.8855710388557103,0.17786563841066994
MSFT_2024-06-03,4,10815,0.10402219140083217,0.1945130189997144,0.16104414000437828,50.0,1.3373333333333333,2.3684444444444446,5.885777777777778,1.1536661953729994,3.8838379494159416,2.7550161812297733,0.040212039194035584
MSFT_2024-06-03,5,24884,0.08467288217328404,0.4569602620031219,0.1786571799966623,50.0,1.6542477456098719,1.7916468913146655,2.198860939724727,1.1750387079771376,2.4333319605969757,2.67282189358624,0.07461162714138433
MSFT_2024-06-03,6,27108,0.07189759480596133,0.44486275199597003,0.1769526845018845,50.0,1.7170343766033864,1.3168291431503336,3.2044638276038993,0.6617725935863025,2.0072483073594807,2.798196104471005,0.10650672154397184
MSFT_2024-06-03,7,44227,0.046871820381215096,0.38272292300098343,0.11951136900461279,40.0,1.8157260009647853,1.811625663289918,0.6123974915581283,1.1077668772374245,2.6349114559974294,2.8469600018088497,0.04852800514956351
MSFT_2024-06-03,8,56510,0.0652096973986905,0.4461150170027395,0.12635426899942104,25.0,1.5453188602442334,1.5344640434192673,1.0421981004070557,0.9800112012656081,2.0728382945226347,2.724349672624314,0.07759208181951155
MSFT_2024-06-03,9,42499,0.17642768065130945,0.9906509284992353,0.16672218199528288,10.0,1.7191251000266738,1.867898106161643,1.278007468658309,1.404313996967901,2.333612907494222,2.5622838184427867,0.12250886069516966
MSFT_2024-10-01,0,150113,0.15207210568038745,0.009116683999309316,0.01894837900181301,25.0,0.9040213772560014,0.8095978622743999,0.4971964254424391,0.5513895926405071,1.088389465520797,2.54344060807525,0.2636691172726
MSFT_2024-10-01,1,9041,0.0919146112155735,0.09242457900109002,0.15515850100200623,50.0,1.0210589651022863,0.8598074608904934,0.4139590854392298,0.0913394522969,1.6964453024713404,2.542639088596394,0.1546768148018586
MSFT_2024-10-01,2,15897,0.07215197836069699,0.17670810500567313,0.34176688300067326,50.0,0.9803836094158674,1.2136006974716653,1.7353966870095903,0.35285870992006135,2.033252255111135,3.0740076744039757,0.13423204394170976
MSFT_2024-10-01,3,12424,0.09038956857694784,0.21106635599426227,0.278445466003177,100.0,1.344167408726625,0.8156723063223509,2.952359750667854,0.16922497651295704,1.501138515136117,2.7940276883451385,0.17882268947292262
MSFT_2024-10-01,4,8684,0.09880239520958084,0.11351458700301009,0.23325491749710636,50.0,1.0110722610722611,1.3065268065268065,2.37995337995338,0.4398864175179965,2.1943337880195024,2.7268539843390145,0.14033172714911038
MSFT_2024-10-01,5,24724,0.10884161138974276,0.18285853799898177,0.1372020809976675,25.0,1.1623931623931625,1.1793013749535488,1.5395763656633221,0.6396440096606221,1.8025339567435321,2.82163080407701,0.17875378149859386
MSFT_2024-10-01,6,16569,0.0991007302794375,0.29519964199789683,0.1545307699998375,50.0,1.567904993909866,1.5012180267965896,1.2862362971985384,0.6332715064908433,2.632782519816437,2.8749170137002835,0.13613457278627952
MSFT_2024-10-01,7,24173,0.06180449261572829,0.25268757049707347,0.06397105899668531,40.0,1.2423025435073627,1.7918340026773762,2.7406291834002676,0.8739321311254106,2.802037491340089,2.995656310759939,0.07440162695053773
MSFT_2024-10-01,8,33597,0.061136410989076406,0.3373989324973081,0.09138993600208778,25.0,1.1769717624148004,1.1940116845180135,1.5976144109055501,0.433674310192277,2.1894600035218033,3.144879007054201,0.11926902641573145
MSFT_2024-10-01,9,30118,0.12311574473736636,0.49117880999619956,0.06190017699918826,10.0,1.1882416396979503,1.1286407766990292,1.542745415318231,0.5853886170503803,1.7925816326530613,2.772777076831131,0.2024190650405018
MSFT_2024-12-02,0,52550,0.23693625118934347,0.044257918001676444,0.04053406399907544,71.0,1.4783551521966107,1.5545739298048349,0.9445426070195165,1.1244332146907992,2.003223307683654,3.3456327307326355,0.4243667579515137
MSFT_2024-12-02,1,2818,0.16181689141234917,0.6663393759990868,0.17749970449585817,100.0,1.599780701754386,1.2171052631578947,1.1929824561403508,0.003521039909229952,2.364004112731011,3.1556068133427964,0.3136822948489408
MSFT_2024-12-02,2,4901,0.128953274841869,0.8696824569997261,1.0345275009967736,57.0,1.7136075949367089,2.151107594936709,2.0490506329113924,1.2827102975270481,2.935761629556091,3.4333809426647623,0.16535334743197913
MSFT_2024-12-02,3,2783,0.2116421128278836,0.6909684400015976,0.4820103959937114,100.0,1.632427843803056,2.6460101867572154,5.040747028862479,1.7265440170146626,3.6185261156694013,3.1496586417535033,0.1065932231379136
MSFT_2024-12-02,4,2486,0.21359613837489944,0.5353935389939579,0.5077985405005165,100.0,1.8389830508474576,1.9180790960451977,1.677024482109228,0.9349474972239291,3.1149954577582846,3.1265084473049076,0.25811584292795897
MSFT_2024-12-02,5,9729,0.1692876965772433,0.8072958720003953,0.20428351499867858,100.0,1.8609593199757135,2.33090467516697,2.917425622343655,1.5208357563152601,3.0327791675132056,3.54630486175352,0.20575229800678876
MSFT_2024-12-02,6,4691,0.20528671924962694,0.9910597260022769,0.3703986949985847,88.0,2.159397715472482,2.7320872274143304,2.149532710280374,1.7106729298089316,3.6059834830383695,3.2577275634193135,0.10790698008373453
MSFT_2024-12-02,7,4553,0.2115088952339117,1.4295151889964473,0.5509633100009523,40.0,2.2487019730010385,2.9626168224299065,2.2892004153686396,2.1321391466590054,3.7101498269905893,3.0270151548429607,0.01362082014359129
MSFT_2024-12-02,8,7808,0.16713627049180327,1.143191418996139,0.9760750554996775,25.0,2.1582375478927203,2.9034482758620688,2.7379310344827585,2.3595481607437874,3.5007007952021048,3.747310450819672,0.1410399767315154
MSFT_2024-12-02,9,15372,0.2364689045016914,1.670951223000884,0.6030674600042403,10.0,2.343878954607978,3.121733149931224,2.721458046767538,2.5930282549072987,3.6447107051082073,3.2848685922456413,0.03857645932948909
INTC_2024-02-01,0,15348,0.29945269741985925,0.0002577585037215613,0.005489980499987723,100.0,0.41677545691906004,0.34812880765883375,0.461053089643168,0.2660212278932317,0.43291443401539326,0.5620927808183477,0.0640720889132868
INTC_2024-02-01,1,996,0.12650602409638553,0.20265799250046257,0.012248751998413354,200.0,0.5119047619047619,0.18253968253968253,-0.14682539682539683,-0.2659848484848485,0.613972866752324,0.6370481927710844,0.05749806454734601
INTC_2024-02-01,2,1173,0.13810741687979539,0.14234887450220413,0.007249046997458208,400.0,0.7530864197530864,1.021604938271605,0.6790123456790124,0.5924519037066882,1.4760584712927087,0.5942028985507246,-0.0590273916750065
INTC_2024-02-01,3,2903,0.08715122287289011,0.09531966099893907,0.012908666998555418,200.0,0.5790513833992095,0.6996047430830039,0.6818181818181818,0.4896276859504132,0.917428032635468,0.5780227351016191,-0.010596020674919175
INTC_2024-02-01,4,4050,0.05333333333333334,0.5495126675014035,0.07381273600185523,800.0,0.5856481481481481,0.4722222222222222,1.2986111111111112,0.2415801886792453,0.7070306909660107,0.5390123456790124,0.0035621399176954745
INTC_2024-02-01,5,16605,0.08678109003312255,0.3792885209986707,0.0896199679991696,200.0,0.5218598195697433,0.49757113115891743,0.6023594725884802,0.3644688643875049,0.6372485593545908,0.5444745558566697,0.0040703303215574235
INTC_2024-02-01,6,22910,0.06765604539502401,0.9226544209996064,0.05684589850352495,200.0,0.5119354838709678,0.5516129032258065,0.7319354838709677,0.4241465740272615,0.686465149172234,0.5424050632911392,-0.0006229660366099609
INTC_2024-02-01,7,36165,0.05936679109636389,1.4017948679975234,0.033398663996194955,200.0,0.4983698183511877,0.555891942244993,0.6164415463437355,0.4560657270057669,0.6740055986340121,0.550656712290889,-0.0003107988030267237
INTC_2024-02-01,8,71488,0.06438842882721575,2.1875186520046555,0.011241733998758718,200.0,0.5273734520964588,0.5112969802302846,0.617640669128829,0.44273543765805873,0.5785694091487795,0.5806429051029544,0.004465075148121348
INTC_2024-02-01,9,166156,0.0825549483617805,2.689049629996589,0.006164386999444105,100.0,0.5048115477145149,0.4556389881169352,0.4591018444266239,0.4132668325240526,0.5099727711400034,0.6395315245913479,0.015181238852761975
INTC_2024-04-01,0,11809,0.3382166144466085,0.0002488669997546822,0.0068638199954875745,100.0,0.44629444166249377,0.4371557336004006,0.21757636454682022,0.28468477837278605,0.569142881652351,0.5161741044965704,0.026725325883588974
INTC_2024-04-01,1,549,0.24225865209471767,0.12513397799921222,0.014580779999960214,100.0,0.42105263157894735,0.09398496240601503,-1.3045112781954886,-0.673772804576376,0.6595851063829786,0.5336976320582878,0.10652419865892947
INTC_2024-04-01,2,1025,0.22829268292682928,0.1749835644986888,0.01568952199886553,400.0,0.6068376068376068,0.8910256410256411,0.7905982905982906,0.6424787920349486,1.1535433070866141,0.5282926829268293,-0.08280928019036289
INTC_2024-04-01,3,1383,0.2313810556760665,0.4353723904969229,0.020121667002968024,400.0,0.6109375,0.509375,0.809375,0.26711897419250125,0.7616080361137093,0.529645697758496,0.0046902554466512775
INTC_2024-04-01,4,1839,0.18977705274605763,0.4666297459989437,0.010585517004074063,400.0,0.5329512893982808,0.5902578796561605,0.6418338108882522,0.40551924381923554,0.7810129156817667,0.5337139749864056,-0.01073073557898013
INTC_2024-04-01,5,12120,0.15882838283828382,0.10512796299735783,0.07659330000024056,100.0,0.5150649350649351,0.6127272727272727,0.7189610389610389,0.4914104373780787,0.7438456138942732,0.5285478547854785,-0.013370080819963184
INTC_2024-04-01,6,14328,0.13058347292015635,0.6711950109965983,0.1227098279960046,100.0,0.4652592196686264,0.5061464457509354,0.5058792089791555,0.3924412095919449,0.5983549340388737,0.5375139586823003,0.004096078775445552
INTC_2024-04-01,7,20139,0.10943939619643478,1.4518640475034772,0.12613420699926792,100.0,0.49069872958257715,0.5031760435571688,0.6547186932849365,0.3982959804561249,0.5987084905070953,0.5530314315507224,0.00545614355915349
INTC_2024-04-01,8,60015,0.07779721736232609,2.7933524850013782,0.09820490600395715,100.0,0.48254444206468194,0.5582565859927179,0.7889269650888842,0.47281075401202177,0.6707264131244497,0.566883279180205,0.0006711327250250316
INTC_2024-04-01,9,168415,0.07796217676572752,2.8506381875013176,0.005159737003850751,100.0,0.46073876618431076,0.44234577303884237,0.3554074638233054,0.3661723710166577,0.5113789690612736,0.6247691713920969,0.014222125228621154
INTC_2024-08-02,0,28251,0.47913348200063716,0.000703512501786463,0.006164019003335852,200.0,0.4179595153664303,0.5957077423167849,0.4929078014184397,0.3611942011189319,0.8614508636011377,0.5512548228381297,-0.021298882094902043
INTC_2024-08-02,1,2968,0.37365229110512127,0.08717922999494476,0.06064423049610923,800.0,0.47745716862037874,0.757439134355275,0.5284039675383229,0.4695604666275365,1.0548549442417317,0.5726078167115903,-0.0690626453055412
INTC_2024-08-02,2,4202,0.32484531175630654,0.08271344099921407,0.07075761300075101,700.0,0.44395604395604393,0.38461538461538464,0.24285714285714285,0.024940403422982888,0.6557724512685643,0.5654450261780105,0.058741661288192366
INTC_2024-08-02,3,5279,0.31824209130517145,0.14604033199793776,0.10007940899959067,700.0,0.4625,0.5392857142857143,0.15833333333333333,0.17309714673913043,0.9016077732302488,0.5624171244553893,0.007361388347235088
INTC_2024-08-02,4,7424,0.26953125,0.19408457000099588,0.1230911169986939,700.0,0.49525237381309345,0.5154922538730635,0.0002498750624687656,0.3023433567253344,0.7354762322699623,0.5607489224137931,0.012198086442618532
INTC_2024-08-02,5,15507,0.2500161217514671,0.1316725279975799,0.04418350099876989,371.0,0.4558937322672169,0.4849110136703637,0.17629610523600722,0.3215593832015083,0.6624675260030591,0.5632295092538854,0.01958088652720149
INTC_2024-08-02,6,19838,0.20027220485936081,0.29568033500254387,0.06882634799694642,400.0,0.45507173420588976,0.5242889504153033,0.3970551220739995,0.38321734023718823,0.6673102067417096,0.5746294989414256,0.010081812647156147
INTC_2024-08-02,7,35887,0.14609747262239808,0.36946130899741547,0.04748021299747052,400.0,0.43477016975014304,0.4279038718291055,0.2363150867823765,0.23086539481922563,0.6319226982297012,0.5899211413603812,0.023670313599701245
INTC_2024-08-02,8,90413,0.10609093825003042,0.5415096565011481,0.036005678004585207,300.0,0.46757714762301916,0.5066201000834029,0.4351542952460384,0.4023917810831426,0.6113843889942331,0.590014710273965,0.008847412440112288
INTC_2024-08-02,9,342387,0.10743398551931002,1.7532504449991393,0.006772314998670481,150.0,0.5951772509786863,0.7687989343192693,0.7273814702044367,0.6729747816861094,0.8875268902229911,0.6613218375697676,-0.011546692855843445
INTC_2024-10-01,0,7886,0.37395384225209233,0.00046262500109151006,0.05604997350019403,300.0,0.46151237707697523,0.5083079009833842,0.6571719226856562,0.41418833049970083,0.5939875537990457,0.5027263504945473,-0.002087242251024605
INTC_2024-10-01,1,852,0.215962441314554,0.01430931999857421,0.19940523950208444,1300.0,0.37771739130434784,0.41032608695652173,0.27717391304347827,0.12106265935040461,0.6805996777163904,0.5082159624413145,0.021140536489673557
INTC_2024-10-01,2,1986,0.22356495468277945,0.0835841430016444,0.159211491500173,800.0,0.48536036036036034,0.38626126126126126,0.34797297297297297,0.22256599378881986,0.566725941422594,0.5050352467270897,0.026553700678161034
INTC_2024-10-01,3,2829,0.1488158359844468,0.21131812800012995,0.2838326369965216,1200.0,0.3586698337292161,0.30522565320665085,0.6437054631828979,0.18143239625167337,0.44213930006217417,0.5090137857900318,0.030326901314105113
INTC_2024-10-01,4,3784,0.14429175475687103,0.2124167195033806,0.20182618299804744,1200.0,0.391025641025641,0.3965201465201465,0.4926739926739927,0.1902189511534917,0.6265308732188527,0.5137420718816068,0.016914157306384073
INTC_2024-10-01,5,6757,0.14251886932070446,0.17458008699759375,0.02891341099893907,400.0,0.4688473520249221,0.40809968847352024,0.6838006230529595,0.2733603944090199,0.5374389739718148,0.517093384638153,0.015533658340467866
INTC_2024-10-01,6,10624,0.1095632530120482,0.485254093498952,0.06373808049829677,400.0,0.406786941580756,0.43556701030927836,0.4566151202749141,0.26715841778303884,0.5945996824940494,0.5255082831325302,0.009854258430559593
INTC_2024-10-01,7,21945,0.07413989519252677,0.7290956060023746,0.05701654700533254,400.0,0.3896742470805163,0.30147510755992624,0.2953288260602336,0.18611467579925295,0.3977216258965562,0.5462064251537936,0.018144354236738307
INTC_2024-10-01,8,62664,0.05596514745308311,1.4282676310031093,0.08647181199921761,400.0,0.4679213002566296,0.4007698887938409,0.313373253493014,0.3333310829057521,0.47145771327074026,0.564550619175284,0.009166012725771115
INTC_2024-10-01,9,235778,0.06462859130198746,3.426389965505223,0.08633755550181377,200.0,0.4820842630266439,0.46941855886599293,0.49947499671872947,0.40979701047082523,0.5210871911173767,0.6156257157156309,0.009449162585460826
INTC_2024-12-02,0,12972,0.42769041011409187,0.0006967500012251548,0.006837655499111861,200.0,0.45755227108868063,0.4303352559480894,0.27189978370583995,0.21237795667787143,0.6342669333085494,0.5137218624730188,0.03566365194266944
INTC_2024-12-02,1,1653,0.3061101028433152,0.01070257799801766,0.05239303800044581,1000.0,0.5049407114624506,0.4634387351778656,0.41007905138339923,0.12936571337274325,0.7954831609781359,0.5202661826981246,0.01739545580474959
INTC_2024-12-02,2,2579,0.24738270647537805,0.07339953150221845,0.08577505300490884,1000.0,0.5830721003134797,0.6684952978056427,0.8894984326018809,0.3484877596283766,0.9816676569518015,0.5250096936797208,-0.03549585708892521
INTC_2024-12-02,3,3982,0.24711200401808137,0.13873705100195366,0.10730591950050439,800.0,0.4806910569105691,0.681910569105691,0.529979674796748,0.5231954241492747,0.8464997127674853,0.5242340532395781,-0.03896375982226398
INTC_2024-12-02,4,4246,0.2220913801224682,0.23943447100464255,0.05995479899866041,900.0,0.4899257688229056,0.5286320254506893,0.25609756097560976,0.31184276278559164,0.7813812088364434,0.5308525671219971,0.0004931631644002031
INTC_2024-12-02,5,10845,0.16892577224527433,0.04455298850007239,0.002495977998478338,400.0,0.5474890829694323,0.4031113537117904,0.5032751091703057,0.2047072702396119,0.598965745329661,0.5304748732134624,0.021514980887696003
INTC_2024-12-02,6,14549,0.1545123376177057,0.27649044950157986,0.009280672995373607,500.0,0.4973309608540925,0.6732651245551602,0.5580516014234875,0.5413772626009469,0.8056281326635651,0.5492817375764657,-0.0191569629478387
INTC_2024-12-02,7,28898,0.11301820195169215,0.29067339850007556,0.010667074497177964,500.0,0.4568279240661359,0.6187997550520514,0.506582976117575,0.4581938226310211,0.7887737884540772,0.5759914180912173,-0.004838121271855633
INTC_2024-12-02,8,76610,0.08296567027803159,0.5465089375029493,0.018461386000126367,300.0,0.4568124606670862,0.5781151667715544,0.6150094398993078,0.49133409143807016,0.6738694166806456,0.5880890223208458,0.0008274876109032278
INTC_2024-12-02,9,211470,0.0954177897574124,2.177342006001709,0.010597563996270765,200.0,0.5351620576865893,0.625854891465953,0.674422638517197,0.5581144497833573,0.6876833577094775,0.6489620277107864,0.0022048318681053974
AAPL_2024-02-01,0,86803,0.19679043351036254,0.03072297450125916,0.014979182000388391,100.0,0.5784744175155134,0.6269172228076337,0.6252780704835499,0.5006412591789217,0.7508072587498075,0.7960899968895084,0.033291583549722746
AAPL_2024-02-01,1,7619,0.12324452027825174,0.11415296099585248,0.007441233996360097,100.0,0.5804046858359957,0.7907348242811502,1.6922257720979765,0.32740504275942306,1.3114706456289027,0.7031106444415277,-0.010799200009109526
AAPL_2024-02-01,2,16838,0.09436987765767905,0.2518788679954014,0.0068696565031132195,100.0,0.5676526117054751,0.5409062303335431,0.7164883574575205,0.14285480400411638,0.9641756612803257,0.705101556004276,0.015495092795509834
AAPL_2024-02-01,3,16929,0.10591293047433398,0.34328492599888705,0.019395220006117597,100.0,0.534021193530396,0.435861684327942,0.007808142777467931,0.1176518419537801,0.7652705346870565,0.8157304034497017,0.04023300923771724
AAPL_2024-02-01,4,11011,0.12142403051493961,0.35637312100152485,0.03282727199984947,100.0,0.6297681376215407,0.7643979057591623,0.9076290201944652,0.3795128791026174,1.173009296813859,0.8166379075469985,0.006343191571186718
AAPL_2024-02-01,5,75117,0.10765871906492538,0.24998814200080233,0.03447001500171609,100.0,0.6440583652776061,0.6557437863237294,0.5419191294670459,0.5318010790323481,0.7868795092440857,0.6904628779104597,0.003737812927325207
AAPL_2024-02-01,6,65032,0.1016730225119941,0.42088639000212424,0.04083800399894244,100.0,0.6175892316999395,0.5742589231699939,0.4382940108892922,0.4078912346215929,0.7322911859531182,0.7356147742649772,0.016405537080822204
AAPL_2024-02-01,7,66026,0.09023717929300579,0.5195354389979912,0.02057542149486835,100.0,0.5812353138637126,0.5278616985565626,0.7093823430681436,0.36478890330312075,0.7012772967205354,0.752400569472632,0.020261754353102436
AAPL_2024-02-01,8,89933,0.08610854747423081,0.48202397549903253,0.05175622199749341,40.0,0.5369963842975206,0.5179493801652892,0.71067923553719,0.3711044642003239,0.67435379266191,0.7808924421513793,0.022641645136048855
AAPL_2024-02-01,9,86502,0.11486439619893182,0.6220947954971052,0.055029373503202805,14.0,0.6233393719806763,0.6731582125603864,0.7636372785829307,0.5431669225199952,0.8100371296211357,0.8126401701694759,0.016021510841413063
AAPL_2024-04-01,0,24727,0.32599991911675497,0.0006095939970691688,0.004513731000770349,100.0,0.43189430591738,0.44274903858082126,0.10550800148864906,0.2933817091665564,0.6305371317576726,0.5788005014761192,0.044352765899583306
AAPL_2024-04-01,1,1260,0.36507936507936506,0.11557508449914167,0.040413415499642724,100.0,0.716304347826087,0.7489130434782608,0.7641304347826087,0.4162976549704479,1.1253712578464508,0.6325396825396825,-0.042485512723607954
AAPL_2024-04-01,2,2933,0.2863961813842482,0.18603893399631488,0.03555987000436289,100.0,0.5541666666666667,0.6178571428571429,0.7857142857142857,0.31385416666666666,0.9264188257722522,0.6063757245141493,-0.0032882343703084134
AAPL_2024-04-01,3,3890,0.25938303341902313,0.31031247999635525,0.08492697250039782,100.0,0.5500495540138751,0.31020812685827553,-0.46333002973240833,-0.026247546381308176,0.6113800841155049,0.6039845758354756,0.07620062648277504
AAPL_2024-04-01,4,4221,0.2613124851930822,0.3603147989997524,0.10024540700396756,100.0,0.513599274705349,0.6504986400725294,-0.034904805077062555,0.3140114783034015,1.0550847223420547,0.5806680881307748,-0.01824759507030453
AAPL_2024-04-01,5,24763,0.18547833461212293,0.17142798900022171,0.023924868000904098,100.0,0.5069671238841715,0.4718049205312432,-0.22969736555628129,0.3094802937582021,0.6391874246381695,0.5734967491822477,0.018861631021849685
AAPL_2024-04-01,6,29850,0.14633165829145728,0.3827348039994831,0.053719078001449816,100.0,0.4779075091575092,0.4362408424908425,-0.0744047619047619,0.31641127442104083,0.5699707523187819,0.5630988274706867,0.01856333930961339
AAPL_2024-04-01,7,52324,0.10436893203883495,0.6570187489996897,0.06121700150106335,100.0,0.49862662516022704,0.44121955685771835,0.0672038088262223,0.3559083182502245,0.5372344179330328,0.5582810947175293,0.012217587689252112
AAPL_2024-04-01,8,135358,0.07856942330708196,0.9988924830031465,0.03965131750010187,100.0,0.4524212505876822,0.37174424071462153,0.12712740949694407,0.3014792373657497,0.4497457076918499,0.5725040263597275,0.01577358058138937
AAPL_2024-04-01,9,120369,0.11379175701384908,1.4234132490018965,0.004276874002243858,100.0,0.5089070599401329,0.45615828283565746,0.5240563627071622,0.35016015398496003,0.5680991560575153,0.6726565810133839,0.02463572174015169
AAPL_2024-06-03,0,77308,0.33521757127334817,0.0017513909988338128,0.002241619997221278,100.0,0.6267605633802817,0.7671618753617596,0.7635153386069844,0.6143034234829349,0.9224553892295319,0.6668003311429607,-0.03364295310226852
AAPL_2024-06-03,1,6799,0.2300338285041918,0.013179035995563027,0.003075289998378139,100.0,0.3881074168797954,0.4101662404092072,0.44565217391304346,0.09875500340657468,0.7056361459168807,0.6719370495661127,0.060216141421003115
AAPL_2024-06-03,2,9612,0.24500624219725342,0.08858472499559866,0.027191499997570645,100.0,0.554140127388535,0.6416135881104034,0.9167728237791932,0.32241635332507773,0.9688062157645895,0.7250312109862672,0.020437838313843045
AAPL_2024-06-03,3,11398,0.2576767854009475,0.23473851600283524,0.07521594299760181,100.0,0.6859039836567926,0.9785495403472931,1.3443990466462377,0.6852025783689899,1.273203568816479,0.7865414985085103,-0.049476014992148196
AAPL_2024-06-03,4,9694,0.30895399216009906,0.21322484600386815,0.09108329200171283,100.0,0.5641068447412354,0.9257095158597662,0.9946577629382304,0.6284241383670554,1.242049835739344,0.7731586548380441,-0.047131197520121494
AAPL_2024-06-03,5,53347,0.18207209402590585,0.28412742300133687,0.027375609999580774,100.0,0.5531246782662411,0.607690723772264,0.9527952228971481,0.48145232009592287,0.7379899309167621,0.7252610268618667,0.021406271278784392
AAPL_2024-06-03,6,54095,0.15968204085405305,0.42295657849899726,0.055629502996453084,100.0,0.5570155128501968,0.670641352164853,0.48425561472563095,0.5317479274974468,0.8189830961277486,0.7563545614197246,0.0136868601819684
AAPL_2024-06-03,7,73864,0.10842900465720784,0.5691025920023094,0.0491975264994835,100.0,0.5909601698089649,0.6572605818454239,0.7636409039830191,0.48573968648026455,0.8277197800465383,0.7893222679519116,0.014319317177879076
AAPL_2024-06-03,8,108824,0.0838601779019334,0.41631523549949634,0.03685848999884911,100.0,0.5444334867411791,0.6581196581196581,0.6943348674117905,0.48323311263365826,0.8744828959422314,0.7911398220980667,0.011155094615773693
AAPL_2024-06-03,9,88241,0.13153749390872724,0.6515162709983997,0.038810678001027554,20.0,0.533945033169639,0.5513483242870681,0.7199103988972172,0.34521090355202677,0.7591620565507552,0.804421980711914,0.03328867454044249
AAPL_2024-08-01,0,129227,0.25942720948408615,0.005386697994254064,0.00790057900303509,100.0,0.8226994780014915,1.0661595824011931,1.0729903057419836,0.8926051994696798,1.2426719750838089,1.0171984182872,-0.012701858179185607
AAPL_2024-08-01,1,14158,0.16852662805481,0.09212907000255655,0.025011306002852507,100.0,0.78918692372171,0.9155490360435876,0.6395641240569991,0.5398773657439455,1.3097471790223807,1.0419197626783443,0.021296832444591712
AAPL_2024-08-01,2,23637,0.15018826416211872,0.1482225030013069,0.05124609199992847,100.0,0.8278873239436619,0.7711267605633803,1.0569014084507042,0.3012158031088083,1.2240068693424777,1.1060625290857553,0.05030342168018071
AAPL_2024-08-01,3,21743,0.16961780803017062,0.20211984349953127,0.09295859200210543,100.0,0.8873373101952278,1.1666214750542299,1.2125813449023861,0.8744759227887021,1.4956248868239006,1.122752150117279,-0.007441018735568904
AAPL_2024-08-01,4,15990,0.21150719199499687,0.13373301349929534,0.09865714849729557,100.0,0.9466292134831461,1.109846244825547,0.8710821998817267,0.6907023582253048,1.561400782289504,1.1020012507817385,-0.0016592726614234243
AAPL_2024-08-01,5,86435,0.13325620408399375,0.28057514499596437,0.04037225000502076,100.0,0.9365341205070324,1.2260375065115472,1.1008421600972391,0.9841867702026201,1.4734440657609098,1.1945103256782554,-0.004201192443314103
AAPL_2024-08-01,6,62823,0.13299269375865527,0.3217690169985872,0.09120505200553453,100.0,0.9728306403351287,1.265769000598444,1.0258527827648114,1.0117463065256471,1.5120624579533657,1.2238670550594528,-0.005572652610958921
AAPL_2024-08-01,7,55957,0.12273710170309345,0.3160059170004388,0.08974253199994564,100.0,0.9708066394874781,1.1049796156086198,1.2817414094350612,0.7374909133182539,1.4478744645506891,1.250460174777061,0.017855862186479866
AAPL_2024-08-01,8,82917,0.09607197559004788,0.2446461135041318,0.11499363199982326,25.0,0.9098669344715039,1.270901330655285,1.6080215917650011,0.9273933622980806,1.590820244680232,1.245999011059252,-0.0023924150403656485
AAPL_2024-08-01,9,112054,0.11253502775447552,0.32590857700051856,0.09986049449798884,10.0,0.9969468675654243,1.1511498810467882,0.9704996034892942,0.9281050476067323,1.387135116613154,1.2564031627608117,0.011844680978937263
AAPL_2024-10-01,0,219380,0.16533868173944755,0.0038173645007191226,0.002490037000825396,25.0,0.5174790471989413,0.4459086898985443,0.3967385310983679,0.2816606945408616,0.6286440436381108,0.7168611541617285,0.04479892325532964
AAPL_2024-10-01,1,12148,0.16702337833388212,0.08578688399575185,0.008427431996096857,100.0,0.48250369640216856,0.7688516510596353,0.31197634302612126,0.44685673718496943,1.0889187000101244,0.8014899571945999,0.005451360153757268
AAPL_2024-10-01,2,34048,0.11466165413533834,0.13090704199566972,0.008786506499745883,100.0,0.5119108606557377,0.5810706967213115,0.3260758196721312,0.2934472121988127,0.8714161872758871,0.7801632988721805,0.02282828708872746
AAPL_2024-10-01,3,33549,0.13392351485886317,0.12487254400184611,0.015073733004101086,100.0,0.48052526151791675,0.6426663699087469,1.655797907856666,0.3693102069963015,0.9267965312194514,0.8851083489820859,0.032468681986840504
AAPL_2024-10-01,4,41207,0.10117213094862523,0.16312422099872492,0.021620621002512053,50.0,0.5050371791796594,0.3144639002158791,0.32957543775485726,0.05167603899356883,0.5750341731195694,0.8578760890140025,0.05497816912416279
AAPL_2024-10-01,5,98715,0.10925391277921288,0.1688132730050711,0.029158823999750894,50.0,0.5588780713954566,0.6091330551692165,1.0753824756606398,0.3135767649510853,0.9532924900515107,0.8594235931722636,0.027345220608447178
AAPL_2024-10-01,6,85305,0.09875153859679972,0.15843742099605151,0.022786685003666207,50.0,0.4513888888888889,0.43696581196581197,0.75664767331434,0.13858585386845917,0.7168739253198745,0.9265928140202802,0.048351419791417154
AAPL_2024-10-01,7,139409,0.06255693678313452,0.15175616199849173,0.023963403997186106,25.0,0.37340901272789817,0.4549363605091159,0.42391927531246415,0.25883617854221264,0.6618923278339625,0.9159308222568127,0.028838401400925792
AAPL_2024-10-01,8,198590,0.047217886096983734,0.14345696500095073,0.018956211002659984,25.0,0.3687746614055668,0.36984110056521274,0.3500053321957982,0.18666532588486962,0.5608600384938995,0.9199733118485321,0.025976080090657563
AAPL_2024-10-01,9,152448,0.06020413518052057,0.26379565550450934,0.014381188000697875,15.0,0.56657223796034,0.4253105251688821,0.30834604488995426,0.2044347223675884,0.6425802358234387,0.9604816068429891,0.03221951214581335
