session,statistic,base_l1,hawkes_l1,base_wasserstein,hawkes_wasserstein
AAPL_2024-04-01,spread,0.13102777777777777,0.19177222222222223,0.09840842489767905,0.13159301063700185
AAPL_2024-04-01,orderbook_imbalance,0.17339750611119578,0.18298771823148943,,
AAPL_2024-04-01,ask_volume_touch,0.6622444444444444,0.6120166666666667,0.4715675222234419,0.8248747818870912
AAPL_2024-04-01,bid_volume_touch,0.7358277777777779,0.5416611111111111,0.2970993045803628,0.5898435629578653
AAPL_2024-04-01,ask_volume_3,0.3037888888888889,0.6617500000000002,0.30640226924745945,1.0243321488819066
AAPL_2024-04-01,bid_volume_3,0.2970555555555555,0.415,0.22515253744145286,0.3516034469516316
AAPL_2024-04-01,limit_ask_order_depth,0.1904005526607625,0.31342563382914146,0.009581993528421756,0.024464491022669246
AAPL_2024-04-01,limit_bid_order_depth,0.14729751887080467,0.28360472065320974,0.07377099236816519,0.10411968420276523
AAPL_2024-04-01,log_inter_arrival_time,0.672379682116261,0.2333833500055574,1.0054707017670161,0.442512518992634
