queue,n,cls,exposure,add,cancel,exec,move,lambda_add,lambda_cancel,lambda_exec,lambda_move
-1,0,0,32.36709734800388,945.0,0.0,11.0,350.0,29.196315932799557,0.0,0.33985129657227,10.813450345481318
-1,0,1,69.14108884413145,1962.0,0.0,38.0,988.0,28.376758781208153,0.0,0.5496008326635626,14.289621649252627
-1,0,2,99.49413971120521,4460.0,0.0,207.0,2489.0,44.82676078154688,0.0,2.080524547484351,25.016548785935022
-1,0,3,81.92486107430886,4552.0,0.0,251.0,2645.0,55.5631091747738,0.0,3.0637830410518947,32.28568184694128
-1,1,0,26.07169594572042,1773.0,702.0,215.0,11.0,68.00478203225717,26.925751261502835,8.246490770973091,0.42191348130559997
-1,1,1,194.31807788585138,4974.0,3156.0,2996.0,82.0,25.59720667328691,16.241412195595792,15.41801994233365,0.4219885297968489
-1,1,2,630.4739801509713,9149.0,4925.0,7269.0,22.0,14.5113046502081,7.811583277109508,11.52942108452975,0.034894382151555166
-1,1,3,564.291334468915,4961.0,1900.0,8208.0,8.0,8.79155800729966,3.3670550723381076,14.545677912500626,0.014177073988792033
-1,2,0,13.111203047883464,1363.0,571.0,77.0,0.0,103.95689815970232,43.550542075708016,5.87284017483278,0.0
-1,2,1,140.1775972459145,2904.0,2183.0,875.0,7.0,20.716577092596992,15.57310185714161,6.242081596426436,0.04993665277141149
-1,2,2,546.1915901278917,6157.0,4256.0,2600.0,3.0,11.27260124704287,7.7921375519594696,4.760234406742157,0.005492578161625566
-1,2,3,559.7424270918564,3038.0,1740.0,3145.0,0.0,5.427496385764322,3.108572650174431,5.618655738389991,0.0
-1,3,0,14.875446801204816,1623.0,712.0,62.0,0.0,109.10596647547739,47.864108521589586,4.167942034183363,0.0
-1,3,1,162.1442901560149,3058.0,2458.0,592.0,1.0,18.859745212474635,15.159337387921076,3.6510690535595107,0.00616734637425593
-1,3,2,547.3815150790397,6485.0,4877.0,1910.0,1.0,11.847312745048749,8.909690710501579,3.4893396057121215,0.0018268793747183883
-1,3,3,552.94450534715,3048.0,2079.0,2226.0,0.0,5.512307239740817,3.7598709814373885,4.025720444771345,0.0
-1,4,0,11.643364099116297,1799.0,837.0,34.0,0.0,154.5086097699667,71.88644045439807,2.9201182502383927,0.0
-1,4,1,171.9403241839318,2999.0,2564.0,411.0,1.0,17.4420980897526,14.912150550892187,2.3903642263715636,0.005815971353702101
-1,4,2,640.6620040046546,6975.0,5373.0,1415.0,0.0,10.887176009191462,8.386637519338455,2.2086529108252213,0.0
-1,4,3,600.0088584522673,3061.0,2325.0,1891.0,0.0,5.101591346327619,3.874942790007094,3.1516201358724363,0.0
-1,5,0,10.042390990791318,1794.0,829.0,29.0,0.0,178.6427158278406,82.55006210773682,2.887758505578248,0.0
-1,5,1,183.9018726481081,3104.0,2592.0,312.0,0.0,16.8785665708768,14.094473115886812,1.6965569491345236,0.0
-1,5,2,735.0688250647581,7495.0,5843.0,1172.0,0.0,10.196324132423525,7.948915531120835,1.5944085234423444,0.0
-1,5,3,636.530216538762,3424.0,2648.0,1423.0,0.0,5.3791633311904095,4.160053884635574,2.2355576577932106,0.0
-1,6,0,7.750981855955615,1971.0,840.0,17.0,0.0,254.29036432146265,108.37336683410888,2.1932705192617274,0.0
-1,6,1,177.11721688929538,3069.0,2703.0,313.0,0.0,17.327508041853633,15.261079907830034,1.7671912730857569,0.0
-1,6,2,780.0175701353728,6864.0,5887.0,867.0,0.0,8.79980177729682,7.5472658891238895,1.1115134237931734,0.0
-1,6,3,637.9950507147296,3514.0,2887.0,1211.0,0.0,5.507879717974858,4.525113473475645,1.8981338470311762,0.0
-1,7,0,4.764836847039987,2006.0,939.0,11.0,0.0,421.00077387668955,197.06865736301668,2.308578520759514,0.0
-1,7,1,172.70913369501795,2837.0,2494.0,214.0,0.0,16.4264618743892,14.440463840227942,1.2390774907011948,0.0
-1,7,2,721.7370177168486,6278.0,5624.0,684.0,0.0,8.698459197589585,7.792311966747982,0.9477136175774573,0.0
-1,7,3,581.9995181508857,3238.0,2774.0,1017.0,0.0,5.563578489356301,4.76632697018974,1.7474241271387765,0.0
-1,8,0,10.670461661247828,2095.0,940.0,14.0,0.0,196.33639729089342,88.0936579730023,1.3120332038532256,0.0
-1,8,1,155.0424444980963,2792.0,2538.0,156.0,1.0,18.007972004300292,16.369710940871826,1.0061760862001596,0.00644984670641128
-1,8,2,691.9876769471375,5606.0,5134.0,569.0,0.0,8.101300336347254,7.419207264860293,0.8222689781272899,0.0
-1,8,3,554.4075236660356,3032.0,2708.0,776.0,0.0,5.468901251467177,4.884493597946277,1.3996924047290662,0.0
-1,9,0,7.113092386978678,2215.0,964.0,6.0,0.0,311.3976143561425,135.52474051436633,0.8435149824545622,0.0
-1,9,1,135.56797482600086,2359.0,2418.0,127.0,0.0,17.400864791465207,17.83607082058621,0.9367994186163974,0.0
-1,9,2,614.735782288175,4881.0,4392.0,385.0,0.0,7.939996565405545,7.144532865245063,0.6262853263022198,0.0
-1,9,3,568.1922357710937,2978.0,2528.0,670.0,0.0,5.241183903117853,4.449198424137653,1.1791783798149635,0.0
-1,10,0,5.212592358875554,2114.0,955.0,3.0,0.0,405.5563632173275,183.21018300498946,0.575529370696302,0.0
-1,10,1,124.99928284890484,2218.0,2154.0,152.0,0.0,17.744101801616317,17.23209886414858,1.2160069764858792,0.0
-1,10,2,559.7564418497641,4170.0,3999.0,343.0,0.0,7.44966862055195,7.144178612371043,0.6127665076377263,0.0
-1,10,3,547.8097501637894,2672.0,2337.0,625.0,0.0,4.877605773174172,4.266079600264985,1.1409070390096772,0.0
-1,11,0,7.470439334058028,2131.0,964.0,6.0,0.0,285.25765416294684,129.04194209905245,0.8031656147243929,0.0
-1,11,1,110.89352484497067,1845.0,1828.0,132.0,0.0,16.63758098211156,16.484280777940345,1.1903309970941605,0.0
-1,11,2,438.33853623532195,3437.0,3310.0,294.0,0.0,7.8409715685021295,7.5512411672220106,0.6707144722547647,0.0
-1,11,3,439.5961092322759,2369.0,2103.0,493.0,0.0,5.389037687656731,4.7839367906889425,1.1214839932523295,0.0
-1,12,0,4.589018385267991,1997.0,910.0,11.0,0.0,435.16931778066487,198.29948882343768,2.39702678797562,0.0
-1,12,1,105.03494409973064,1499.0,1597.0,73.0,0.0,14.271440927094702,15.204463749546523,0.6950067963161529,0.0
-1,12,2,410.41809494671907,3025.0,2762.0,258.0,1.0,7.370532725640932,6.729722772965373,0.628627253955491,0.002436539744013531
-1,12,3,459.9985830285368,2071.0,2006.0,463.0,0.0,4.502187781460018,4.360882998362528,1.006524839602119,0.0
-1,13,0,3.2463040978909703,1802.0,815.0,22.0,0.0,555.092790342934,251.05473037152677,6.776937506961459,0.0
-1,13,1,70.2916624080608,1308.0,1233.0,67.0,0.0,18.608181328913957,17.541198454549622,0.9531713677654702,0.0
-1,13,2,369.3071698471467,2502.0,2303.0,220.0,0.0,6.7748481596919925,6.236001323649344,0.5957100699968978,0.0
-1,13,3,363.187434536012,1744.0,1762.0,402.0,0.0,4.801928244648764,4.851489430660047,1.106866487585323,0.0
-1,14,0,2.902860238958965,1767.0,763.0,16.0,0.0,608.7099806891455,262.8442078470957,5.511805144893225,0.0
-1,14,1,58.2958248548166,1164.0,1140.0,53.0,1.0,19.967124625115005,19.55543133387552,0.9091560181538619,0.017153887134978528
-1,14,2,337.97950934073015,2373.0,2116.0,171.0,0.0,7.021135703252612,6.260734575677423,0.5059478319663703,0.0
-1,14,3,269.2252306661612,1367.0,1335.0,385.0,0.0,5.077533025480355,4.958673437466184,1.4300294182954914,0.0
-1,15,0,1.3522785909372033,1582.0,747.0,6.0,0.0,1169.8772801716748,552.4009660481928,4.436955550587894,0.0
-1,15,1,43.590642722185294,1028.0,992.0,43.0,0.0,23.583042960658236,22.757177642969815,0.9864502405722803,0.0
-1,15,2,242.7384119060298,1862.0,1771.0,138.0,0.0,7.670809021856942,7.295919859134611,0.5685132357767229,0.0
-1,15,3,248.0441420540592,1347.0,1141.0,347.0,0.0,5.430485029178525,4.599987689898068,1.3989445472345572,0.0
-1,16,0,1.829360981042555,1530.0,681.0,4.0,0.0,836.3576220632251,372.2611376634355,2.1865558746750984,0.0
-1,16,1,40.11065150995273,932.0,966.0,47.0,0.0,23.235723303291174,24.08337844525673,1.1717585785994475,0.0
-1,16,2,197.51791503897402,1440.0,1486.0,160.0,0.0,7.2904779281203975,7.523368195268688,0.8100531031244886,0.0
-1,16,3,242.5298533230307,1199.0,1079.0,368.0,0.0,4.943721292747521,4.448936843098061,1.5173389789250107,0.0
-1,17,0,1.810806798923295,1367.0,699.0,9.0,0.0,754.9121202840732,386.0157805988055,4.970160265220672,0.0
-1,17,1,36.72231950920104,868.0,843.0,56.0,0.0,23.636851146685228,22.956066263428166,1.5249581384958213,0.0
-1,17,2,186.14139977983723,1353.0,1205.0,182.0,0.0,7.268667806303649,6.4735733234263835,0.9777513235382588,0.0
-1,17,3,233.50073076706758,1226.0,977.0,360.0,0.0,5.250518899758888,4.184141080802964,1.5417510635507339,0.0
-1,18,0,1.8043666239682352,1242.0,576.0,3.0,0.0,688.3301783029792,319.22558993761356,1.6626332809250706,0.0
-1,18,1,34.97294311197038,676.0,716.0,55.0,0.0,19.32922825041344,20.47296956700595,1.572644310314703,0.0
-1,18,2,140.84192560116207,1162.0,1093.0,158.0,0.0,8.250384216490806,7.760473277645827,1.1218250483696621,0.0
-1,18,3,157.27490492787183,898.0,900.0,232.0,0.0,5.709747530363052,5.722464117290364,1.4751240835681827,0.0
-1,19,0,1.8473468950105598,1135.0,498.0,2.0,0.0,614.3946234816456,269.57579074348854,1.0826336977650144,0.0
-1,19,1,20.670871049020207,621.0,643.0,45.0,0.0,30.04227536069097,31.10657497089258,2.176976475412389,0.0
-1,19,2,154.00205895505496,1112.0,1049.0,143.0,0.0,7.220682681421382,6.811597241736537,0.9285590138878216,0.0
-1,19,3,176.2000718512718,894.0,804.0,242.0,0.0,5.073777726689089,4.562994734069383,1.3734387134885455,0.0
-1,20,0,1.1564037640055176,1007.0,475.0,0.0,0.0,870.8031150918973,410.7561863641025,0.0,0.0
-1,20,1,29.227919557924906,581.0,577.0,30.0,0.0,19.878253696728365,19.74139824959082,1.026415853531585,0.0
-1,20,2,134.3430555719824,1012.0,925.0,111.0,0.0,7.5329535694367165,6.8853577586254575,0.8262429310350549,0.0
-1,20,3,112.83758298199245,750.0,666.0,212.0,0.0,6.646721599129708,5.90228878002718,1.8788066386873308,0.0
-1,21,1,19.656897663968266,524.0,539.0,41.0,0.0,26.657309253866092,27.4204001676218,2.0857818309322704,0.0
-1,21,2,144.37174424897967,852.0,917.0,112.0,0.0,5.901431782459201,6.351658385581088,0.7757750699946367,0.0
-1,21,3,129.40951955797937,686.0,644.0,169.0,0.0,5.301001057288149,4.976449972148058,1.3059317473494128,0.0
-1,22,1,26.10707686112437,535.0,521.0,39.0,0.0,20.492527863073782,19.956274797498022,1.4938478255324814,0.0
-1,22,2,92.24533896696084,679.0,693.0,96.0,0.0,7.360805517156751,7.512574703077509,1.0407029891709103,0.0
-1,22,3,113.52963435002312,654.0,539.0,166.0,0.0,5.7606104674278535,4.747659085540693,1.4621732990719019,0.0
-1,23,1,25.97013292696647,507.0,479.0,44.0,0.0,19.52242606635059,18.444264468997897,1.6942539386970927,0.0
-1,23,2,84.6200923340366,661.0,671.0,101.0,0.0,7.811383582408679,7.929558825712895,1.1935699573725818,0.0
-1,23,3,86.88856871707685,582.0,443.0,150.0,0.0,6.69823440060436,5.0984842602538345,1.7263490723207113,0.0
-1,24,0,1.6660446231835522,728.0,342.0,3.0,0.0,436.9630860240137,205.27661458820424,1.8006720577912652,0.0
-1,24,1,19.331632434943458,373.0,409.0,22.0,0.0,19.294800956683456,21.157033756792316,1.1380311556220806,0.0
-1,24,2,113.39554596721428,627.0,627.0,67.0,0.0,5.529317705135285,5.529317705135285,0.5908521311707562,0.0
-1,24,3,107.3026871879265,615.0,523.0,145.0,0.0,5.731450125968501,4.87406246484801,1.3513175093746872,0.0
-1,25,0,1.1785732309072046,698.0,328.0,8.0,0.0,592.241518554359,278.3026047074925,6.787868407499817,0.0
-1,25,1,17.15441032499075,365.0,393.0,22.0,0.0,21.277327117928596,22.909560431084763,1.2824690317655594,0.0
-1,25,2,90.55878870871675,521.0,552.0,104.0,0.0,5.753168824682514,6.095487891026386,1.1484252548310583,0.0
-1,25,3,92.09428047303663,492.0,423.0,149.0,0.0,5.342351310774916,4.593119114751604,1.6179072059054116,0.0
-1,26,1,14.147309550942737,374.0,362.0,25.0,0.0,26.436121910902678,25.587904095579596,1.7671204485897511,0.0
-1,26,2,71.66918035403069,475.0,505.0,84.0,0.0,6.627674512999867,7.0462644822419644,1.1720519138778713,0.0
-1,26,3,69.23023552492668,449.0,396.0,137.0,0.0,6.485605553636104,5.720044096302666,1.9789041444279427,0.0
-1,27,0,1.3455626240902347,606.0,313.0,3.0,0.0,450.36922782373676,232.6164493545043,2.229550632790776,0.0
-1,27,1,15.059257157001412,268.0,346.0,12.0,0.0,17.796362543380855,22.975900895558865,0.7968520541812324,0.0
-1,27,2,74.07590477805934,405.0,452.0,40.0,0.0,5.46736487678997,6.101849195824856,0.5399866544977748,0.0
-1,27,3,72.74438828296843,426.0,370.0,109.0,0.0,5.856121826784801,5.086302995094781,1.4983973688252192,0.0
-1,28,1,9.946244529062824,250.0,258.0,5.0,0.0,25.13511499435818,25.93943867417764,0.5027022998871636,0.0
-1,28,2,59.16463422994275,381.0,388.0,36.0,0.0,6.439657828682712,6.557971752044337,0.6084716058597839,0.0
-1,28,3,74.47839174909313,422.0,364.0,88.0,0.0,5.666072938600186,4.887323577370776,1.1815507549687592,0.0
-1,29,1,8.122637873915664,242.0,237.0,6.0,0.0,29.79327698174725,29.17771340774421,0.7386762888036509,0.0
-1,29,2,53.485208277066704,321.0,322.0,30.0,0.0,6.001659343591597,6.020356101671322,0.560902742391738,0.0
-1,29,3,80.03917844599346,396.0,352.0,99.0,0.0,4.9475770202614155,4.3978462402323695,1.2368942550653539,0.0
-1,30,1,7.8924268989794655,237.0,243.0,8.0,0.0,30.02878620651468,30.789008642122646,1.0136299141439555,0.0
-1,30,2,53.889991343086876,328.0,314.0,16.0,0.0,6.086473421600884,5.826684921898408,0.2969011425171163,0.0
-1,30,3,69.53594292205526,386.0,337.0,105.0,0.0,5.551086010765368,4.846414470538676,1.510010443342911,0.0
-1,31,1,5.761833429089165,180.0,222.0,10.0,0.0,31.240056175739625,38.529402616745536,1.735558676429979,0.0
-1,31,2,50.15786710791144,251.0,297.0,12.0,0.0,5.004200028282494,5.921304415935859,0.23924462286609532,0.0
-1,31,3,44.00904954796715,316.0,262.0,76.0,0.0,7.1803413899129875,5.953321025813933,1.7269175494727438,0.0
-1,32,1,3.105193057039287,143.0,183.0,18.0,0.0,46.05188707215081,58.933533805619575,5.796741030060941,0.0
-1,32,2,34.30497375502455,214.0,247.0,17.0,0.0,6.238162475453171,7.20012210951838,0.4955549630032893,0.0
-1,32,3,45.06356298805622,274.0,247.0,72.0,0.0,6.0803003986307465,5.4811467097145785,1.597743170443116,0.0
-1,33,1,5.042154468064837,155.0,168.0,20.0,0.0,30.74082735499544,33.31909029444667,3.966558368386508,0.0
-1,33,2,24.724965127999894,173.0,162.0,18.0,0.0,6.996976501458657,6.552082041828338,0.7280091157587042,0.0
-1,33,3,50.218832423954154,270.0,227.0,101.0,0.0,5.3764690847573595,4.5202166008885944,2.0111976946684935,0.0
-1,34,1,3.569307153025875,142.0,140.0,20.0,0.0,39.78363136375633,39.22329852764708,5.603328361092441,0.0
-1,34,2,18.176347999971767,116.0,125.0,12.0,0.0,6.381920064480509,6.877069035000549,0.6601986273600527,0.0
-1,34,3,41.5386583449872,323.0,253.0,95.0,0.0,7.775889084269834,6.090711883344483,2.2870262012558333,0.0
-1,35,1,5.118010167927423,141.0,132.0,10.0,0.0,27.549769416948816,25.79127349671804,1.953884355811973,0.0
-1,35,2,12.230526480037952,87.0,90.0,17.0,0.0,7.113348729672186,7.3586366169022615,1.3899646943037605,0.0
-1,35,3,32.87263627494394,218.0,189.0,123.0,0.0,6.631655525789489,5.749462818230337,3.741713897578473,0.0
-1,36,1,2.6511829200171633,125.0,124.0,11.0,0.0,47.1487648235116,46.77157470492351,4.149091304469021,0.0
-1,36,2,12.615729192963045,94.0,101.0,24.0,0.0,7.451015994575444,8.005878887788509,1.902387062444794,0.0
-1,36,3,38.33179199506412,233.0,188.0,91.0,0.0,6.078505279116686,4.904545032076983,2.374008499569178,0.0
-1,37,1,3.385490767977899,126.0,122.0,10.0,0.0,37.21764690419104,36.036134304057995,2.953781500332622,0.0
-1,37,2,14.866230465995613,114.0,77.0,24.0,0.0,7.668386431971358,5.17952416896311,1.6143971435729174,0.0
-1,37,3,35.878740086940525,225.0,168.0,105.0,0.0,6.271123218228546,4.682438669610647,2.9265241685066545,0.0
-1,38,1,5.2150728699270985,97.0,132.0,9.0,0.0,18.599931855095242,25.311247472913113,1.7257668731531668,0.0
-1,38,2,22.258807098012767,117.0,96.0,22.0,0.0,5.2563463749342425,4.312899589689635,0.988372822637208,0.0
-1,38,3,36.04870999002014,201.0,173.0,87.0,0.0,5.575788982619505,4.799062159170021,2.413401201432323,0.0
-1,39,1,1.8273238930487423,82.0,117.0,17.0,0.0,44.87436535577151,64.02805788567397,9.30322208595263,0.0
-1,39,2,12.2295508910247,86.0,102.0,18.0,0.0,7.032147031917225,8.340453456459963,1.471844727610582,0.0
-1,39,3,33.05967361810326,223.0,157.0,92.0,0.0,6.745378147892139,4.74898820277608,2.7828465901617796,0.0
-1,40,2,15.376071405997209,99.0,89.0,15.0,0.0,6.438575718462554,5.788214534779467,0.9755417755246293,0.0
-1,40,3,31.7457388929397,226.0,175.0,69.0,0.0,7.119065672472432,5.512550852578211,2.173520050445123,0.0
-1,41,1,1.2321858449431602,71.0,71.0,10.0,0.0,57.62117808071004,57.62117808071004,8.115658884607047,0.0
-1,41,2,15.917384731030324,81.0,67.0,25.0,0.0,5.088775660620532,4.209234188414514,1.5706097717964602,0.0
-1,41,3,26.009189179101668,214.0,172.0,76.0,0.0,8.227861258049082,6.613047366282439,2.922044185101543,0.0
-1,42,1,4.3234954110957915,94.0,87.0,12.0,0.0,21.741667577293825,20.12260722579322,2.7755320311438925,0.0
-1,42,2,14.596390123973833,82.0,75.0,14.0,0.0,5.617827373997023,5.138256744509472,0.9591412589751015,0.0
-1,42,3,26.65416787697177,197.0,147.0,60.0,0.0,7.390964179009348,5.515084945758245,2.2510550799013243,0.0
-1,43,2,6.089297095983056,49.0,60.0,15.0,0.0,8.046905780360753,9.853354016768268,2.463338504192067,0.0
-1,43,3,31.25149541193241,212.0,175.0,64.0,0.0,6.783675379548538,5.599732035004689,2.0479020013731435,0.0
-1,44,1,2.535921118033002,68.0,61.0,1.0,0.0,26.81471419455842,24.054375968647996,0.3943340322729179,0.0
-1,44,2,12.930736533977324,57.0,66.0,21.0,0.0,4.408101568709911,5.104117605874634,1.62403742005102,0.0
-1,44,3,15.921608713993919,189.0,175.0,64.0,0.0,11.870659767808698,10.991351636859905,4.019694312908766,0.0
-1,45,1,1.0252694799855817,60.0,58.0,1.0,0.0,58.521199715067866,56.570493057898936,0.9753533285844643,0.0
-1,45,2,4.004813043000468,44.0,37.0,19.0,0.0,10.986780038809133,9.238883214453134,4.744291380394853,0.0
-1,45,3,11.567902032016718,128.0,126.0,85.0,0.0,11.065100624619035,10.892208427359362,7.347918383536078,0.0
-1,46,2,12.928505040035816,72.0,63.0,20.0,0.0,5.569089370892997,4.872953199531372,1.546969269692499,0.0
-1,46,3,17.121657247043913,143.0,126.0,68.0,0.0,8.351995250032775,7.359100709819089,3.971578160854746,0.0
-1,47,1,1.9056396720334305,76.0,65.0,10.0,0.0,39.88162143943167,34.10928149425077,5.247581768346272,0.0
-1,47,2,6.426570217969129,47.0,51.0,24.0,0.0,7.313387764531817,7.935803744491972,3.734495879760928,0.0
-1,47,3,13.279595217012684,133.0,112.0,43.0,0.0,10.015365515781065,8.433992013289318,3.238050505102149,0.0
-1,48,1,4.736039171955781,79.0,84.0,5.0,0.0,16.680605276196733,17.736339787348424,1.0557345111516918,0.0
-1,48,2,1.6354244239992113,27.0,39.0,19.0,0.0,16.509475830118227,23.847020643504106,11.617779287860973,0.0
-1,48,3,11.424968287996307,148.0,135.0,37.0,0.0,12.954084096276823,11.816225358090344,3.2385210240692057,0.0
-1,49,1,2.2766880220515304,54.0,71.0,3.0,0.0,23.71866477838296,31.18565183824426,1.3177035987990533,0.0
-1,49,2,1.6997956309933215,27.0,40.0,15.0,0.0,15.88426250055827,23.532240741567808,8.824590278087928,0.0
-1,49,3,13.198094127990771,144.0,149.0,21.0,0.0,10.910666237377566,11.289508815064286,1.5911388262842283,0.0
-1,50,2,3.343980750978517,29.0,21.0,19.0,0.0,8.672298724062335,6.279940455355484,5.681850888178771,0.0
-1,50,3,12.091895466044662,139.0,120.0,28.0,0.0,11.49530281586761,9.924002430964844,2.3156005672251303,0.0
-1,51,3,8.48300131799624,107.0,96.0,53.0,0.0,12.613460258812543,11.31674939108415,6.247788726327708,0.0
-1,52,2,1.493998823018046,26.0,30.0,5.0,0.0,17.402958823941418,20.08033710454779,3.346722850757965,0.0
-1,52,3,10.07599087402923,115.0,88.0,23.0,0.0,11.413269567007191,8.733632364318545,2.2826539134014383,0.0
-1,53,2,2.4337486490039737,29.0,25.0,15.0,0.0,11.915774462522425,10.272219364243469,6.163331618546081,0.0
-1,53,3,13.28102544000285,67.0,73.0,37.0,0.0,5.044791179918531,5.496563524388847,2.78592945756695,0.0
-1,54,2,1.7044881959955092,17.0,13.0,10.0,0.0,9.973668365635774,7.626922867839122,5.866863744491632,0.0
-1,54,3,5.978299659022014,65.0,60.0,38.0,0.0,10.872656726383186,10.036298516661402,6.356322393885555,0.0
-1,55,1,2.2534032900075545,58.0,51.0,2.0,0.0,25.73884588577376,22.632433451283823,0.8875464098542676,0.0
-1,55,3,14.785330658982275,88.0,46.0,29.0,0.0,5.951845246459801,3.1111918333767137,1.9614035471287978,0.0
-1,56,2,2.6850588639863417,27.0,16.0,17.0,0.0,10.055645469133127,5.958901018745557,6.331332332417154,0.0
-1,56,3,14.212731608997274,97.0,78.0,34.0,0.0,6.824866793276727,5.488037215212214,2.3922213502207086,0.0
-1,57,3,10.342802264902275,90.0,59.0,29.0,0.0,8.70170362875543,5.7044501566285595,2.8038822803767496,0.0
-1,58,2,1.7537986139941495,21.0,16.0,10.0,0.0,11.974008778678424,9.123054307564514,5.7019089422278215,0.0
-1,58,3,9.924743667033908,83.0,88.0,37.0,0.0,8.362936392573374,8.866727741523578,3.7280559822315045,0.0
-1,59,3,5.004565436996927,77.0,38.0,52.0,0.0,15.38595128175707,7.593066866321671,10.390512553913865,0.0
-1,60,3,9.287156879021495,98.0,66.0,50.0,0.0,10.552206803071188,7.106588255129576,5.383778981158769,0.0
-1,61,3,16.33869027095352,105.0,83.0,38.0,0.0,6.426463704172552,5.079966547107827,2.3257678167481615,0.0
-1,62,3,10.48764163703163,61.0,62.0,40.0,0.0,5.816369600636463,5.9117199219583725,3.8140128528763695,0.0
-1,63,3,3.7848825569672044,38.0,38.0,46.0,0.0,10.03994164364484,10.03994164364484,12.153613568622701,0.0
-1,64,3,2.4304053910527728,45.0,31.0,26.0,0.0,18.515429633945743,12.75507374782929,10.697803788501984,0.0
-1,65,3,3.9811355820202152,31.0,30.0,39.0,0.0,7.786722999338079,7.5355383864562056,9.796199902393067,0.0
-1,66,3,4.509571928982041,63.0,48.0,33.0,0.0,13.970283874421131,10.644025809082766,7.317767743744402,0.0
-1,67,3,8.670036847979645,63.0,54.0,15.0,0.0,7.266405103535485,6.228347231601844,1.7300964532227343,0.0
-1,68,3,3.8962885460277903,44.0,36.0,20.0,0.0,11.29279812832583,9.23956210499386,5.133090058329922,0.0
-1,69,2,3.041098581998085,15.0,8.0,13.0,0.0,4.932428066881209,2.630628302336645,4.274770991297047,0.0
-1,69,3,9.663409923974541,78.0,54.0,28.0,0.0,8.071684903533384,5.588089548600036,2.8975279140889074,0.0
-1,70,3,10.154384552013653,92.0,46.0,25.0,0.0,9.060125655941999,4.530062827970999,2.4619906673755434,0.0
-1,71,3,9.605926614967757,89.0,67.0,24.0,0.0,9.265113462487006,6.9748606964789825,2.4984575629178445,0.0
-1,72,2,1.5399160159868188,17.0,26.0,23.0,0.0,11.03956308234508,16.884037655351296,14.935879464349226,0.0
-1,72,3,12.068411072046729,81.0,52.0,29.0,0.0,6.711736906908566,4.308769372336363,2.4029675345722024,0.0
-1,73,3,11.193091481982265,88.0,63.0,19.0,0.0,7.861992385361568,5.628471821338396,1.6974756286576114,0.0
-1,74,3,4.813241904957977,47.0,37.0,17.0,0.0,9.764728415496155,7.6871266249650585,3.531923043902865,0.0
-1,75,2,2.3561444680017303,23.0,21.0,4.0,0.0,9.761710418167409,8.91286603397894,1.6976887683769408,0.0
-1,75,3,3.114612559998932,45.0,37.0,26.0,0.0,14.448024957561795,11.879487187328587,8.347747753257925,0.0
-1,76,2,6.372843183999066,16.0,28.0,3.0,0.0,2.5106533360451735,4.393643338079054,0.47074750050847,0.0
-1,76,3,2.0023964430365595,39.0,31.0,23.0,0.0,19.476662643716026,15.481449793722993,11.486236943729963,0.0
-1,77,3,6.924333188995661,53.0,30.0,22.0,0.0,7.654166625636826,4.332547146586883,3.1772012408303807,0.0
-1,78,3,3.349393691030855,48.0,38.0,15.0,0.0,14.330951935729857,11.34533694911947,4.47842247991558,0.0
-1,79,2,3.614289289005683,11.0,16.0,4.0,0.0,3.043475250711373,4.426873091943815,1.1067182729859537,0.0
-1,79,3,3.647540518984897,43.0,36.0,13.0,0.0,11.788765546589955,9.869664178540427,3.564045397806266,0.0
-1,80,3,3.3067133520162315,55.0,47.0,16.0,0.0,16.63282968463667,14.213509003234972,4.838641362803394,0.0
-1,81,3,3.0605119460160495,48.0,27.0,19.0,0.0,15.683650593974281,8.822053459110533,6.208111693448154,0.0
-1,82,2,1.9172688739708974,17.0,23.0,11.0,0.0,8.866779318641381,11.99623084286775,5.737327794415011,0.0
-1,82,3,6.642719025941915,58.0,57.0,11.0,0.0,8.731364336424843,8.580823572003723,1.6559484086322975,0.0
-1,83,3,5.134121736024099,56.0,41.0,12.0,0.0,10.907415694308567,7.985786490475915,2.3373033630661215,0.0
-1,84,2,2.410710370975721,14.0,34.0,15.0,0.0,5.8074168380225535,14.103726606626202,6.222232326452736,0.0
-1,84,3,3.297989987026085,48.0,24.0,23.0,0.0,14.554319506374034,7.277159753187017,6.973944763470891,0.0
-1,85,3,3.9689222909728414,45.0,30.0,14.0,0.0,11.338090469130812,7.558726979420541,3.527405923729586,0.0
-1,86,3,5.037361980997957,60.0,50.0,27.0,0.0,11.910996316392044,9.925830263660037,5.35994834237642,0.0
-1,87,3,2.562223400978837,39.0,45.0,11.0,0.0,15.221155183073018,17.56287136508425,4.293146333687261,0.0
-1,88,3,3.3653065500038792,53.0,37.0,8.0,0.0,15.748936749889518,10.994540749922871,2.3771979999833235,0.0
-1,89,3,2.714238306056359,40.0,39.0,8.0,0.0,14.737099506239684,14.368672018583691,2.9474199012479367,0.0
-1,90,3,1.7555809869954828,31.0,17.0,10.0,0.0,17.65797205006969,9.683404027457573,5.6961200161515135,0.0
-1,91,2,2.2516689039912308,14.0,5.0,14.0,0.0,6.2176104023038565,2.2205751436799486,6.2176104023038565,0.0
-1,91,3,3.6191767920245184,41.0,33.0,25.0,0.0,11.328543024024299,9.118095604702486,6.90764818538067,0.0
-1,92,2,3.762248497994733,8.0,10.0,5.0,0.0,2.126387984276949,2.6579849803461864,1.3289924901730932,0.0
-1,92,3,2.0261898579628905,39.0,26.0,22.0,0.0,19.24794946866933,12.83196631244622,10.857817648992954,0.0
-1,93,2,1.3512077949926606,12.0,11.0,1.0,0.0,8.88094343776723,8.140864817953295,0.740078619813936,0.0
-1,94,3,3.3690683070235536,39.0,29.0,19.0,0.0,11.57590064846594,8.607720995013135,5.63954134156033,0.0
-1,96,3,1.0564714189968072,29.0,14.0,11.0,0.0,27.449867056070016,13.251659958102767,10.412018538509317,0.0
-1,97,3,1.4232115149934543,26.0,14.0,19.0,0.0,18.268542466169958,9.836907481783822,13.350088725278045,0.0
-1,98,2,1.3953245269949548,12.0,21.0,1.0,0.0,8.600149834564894,15.050262210488565,0.7166791528804078,0.0
-1,98,3,2.4851920349829015,27.0,21.0,15.0,0.0,10.864351575223749,8.450051225174027,6.035750875124305,0.0
-1,99,2,2.100234976001957,10.0,26.0,0.0,0.0,4.76137199611644,12.379567189902742,0.0,0.0
-1,100,3,1.1108100599958561,16.0,14.0,14.0,0.0,14.40390267986922,12.603414844885567,12.603414844885567,0.0
-1,101,3,1.6783657319974736,42.0,23.0,4.0,0.0,25.02434314481298,13.703806960254727,2.383270775696474,0.0
-1,102,3,2.621380959986709,24.0,17.0,6.0,0.0,9.155479637008458,6.485131409547658,2.2888699092521145,0.0
-1,103,2,1.474085843001376,12.0,14.0,0.0,0.0,8.140638523172358,9.49741161036775,0.0,0.0
-1,103,3,2.3467581140066613,35.0,23.0,20.0,0.0,14.914191535592002,9.800754437674744,8.52239516319543,0.0
-1,104,3,1.1153134569904068,13.0,15.0,9.0,0.0,11.655916028377856,13.449133878897527,8.069480327338516,0.0
-1,105,3,1.0265295109929866,13.0,19.0,10.0,0.0,12.664029490418438,18.50896617830387,9.741561146475721,0.0
-1,114,3,1.0769157359900419,9.0,4.0,4.0,0.0,8.357199824669683,3.7143110331865254,3.7143110331865254,0.0
-1,118,3,3.8099465539853554,16.0,20.0,6.0,0.0,4.199533975946031,5.249417469932539,1.5748252409797616,0.0
-1,120,3,1.45943953099777,20.0,11.0,5.0,0.0,13.703890826039686,7.537139954321827,3.4259727065099215,0.0
-1,121,3,8.855562304997875,28.0,16.0,2.0,0.0,3.161854553741601,1.8067740307094864,0.2258467538386858,0.0
-1,122,3,1.9519377059841645,17.0,24.0,5.0,0.0,8.709294332438043,12.295474351677237,2.5615571565994246,0.0
-1,123,3,1.5643601319898153,16.0,12.0,2.0,0.0,10.227823934408582,7.670867950806436,1.2784779918010727,0.0
-1,209,2,1.7146320460014977,3.0,1.0,2.0,0.0,1.749646524451684,0.5832155081505612,1.1664310163011224,0.0
1,0,0,32.36709734800388,948.0,0.0,3.0,353.0,29.28900265004654,0.0,0.09268671724698271,10.9061370627283
1,0,1,60.50373656387819,2304.0,0.0,122.0,1061.0,38.08029273642463,0.0,2.0164043896891513,17.53610702836221
1,0,2,71.33551038410951,6341.0,0.0,976.0,2742.0,88.88981050050077,0.0,13.681825429504615,38.438079229202515
1,0,3,19.770144664973486,4440.0,0.0,852.0,2246.0,224.58105771306225,0.0,43.09528404764167,113.60564315845446
1,1,0,33.39387435503886,2101.0,788.0,386.0,7.0,62.91573052178585,23.597142147152425,11.559006178681264,0.20961928303307992
1,1,1,228.0933359289702,5967.0,2904.0,4950.0,100.0,26.16034342124824,12.731630181884512,21.701642355484964,0.4384170172825245
1,1,2,515.9358406779502,9466.0,4105.0,14310.0,29.0,18.347242532252622,7.956415655493029,27.73600682828386,0.05620853934453053
1,1,3,145.30722122503357,3167.0,1180.0,6652.0,10.0,21.795200357560677,8.120725109542658,45.778867312438784,0.06881970431815812
1,2,0,19.734437857994635,1780.0,720.0,132.0,0.0,90.19765411148525,36.4844443597019,6.688814799278681,0.0
1,2,1,183.7487468829786,3668.0,2263.0,1420.0,5.0,19.96204089672506,12.315730247897713,7.7279438586013045,0.02721106992465248
1,2,2,462.7578059267835,6607.0,3870.0,4135.0,1.0,14.277446896369254,8.362905931428639,8.935559696759023,0.0021609576050203197
1,2,3,126.04699131206871,1530.0,750.0,1697.0,1.0,12.138330189984519,5.950161857835549,13.463232896995901,0.007933549143780732
1,3,0,18.37683381610259,1797.0,724.0,85.0,2.0,97.78615935599252,39.39742869991018,4.625388728580615,0.10883267596660269
1,3,1,216.79611094916618,3155.0,2118.0,946.0,1.0,14.552844080952065,9.769547944043255,4.363546909851237,0.004612628868764521
1,3,2,618.1927457118363,6784.0,4497.0,3025.0,0.0,10.97392366225256,7.27443023424967,4.893295854704303,0.0
1,3,3,126.4178034850047,1595.0,890.0,1153.0,0.0,12.61689379209309,7.040147633205549,9.120550810208986,0.0
1,4,0,15.430771089966584,2075.0,952.0,57.0,0.0,134.47156904227614,61.69490782084187,3.693917800197465,0.0
1,4,1,254.0309840568516,3353.0,2336.0,715.0,0.0,13.19917730685012,9.195728657560954,2.814617290306542,0.0
1,4,2,728.4481128410625,7499.0,5445.0,2529.0,0.0,10.294487510926093,7.474794572208638,3.4717640905630205,0.0
1,4,3,155.2134730901671,1782.0,1073.0,1035.0,0.0,11.480962087387832,6.913059663168992,6.668235555806064,0.0
1,5,0,18.858674512957805,2348.0,1132.0,47.0,0.0,124.50503869647297,60.02542751465392,2.4922218137709664,0.0
1,5,1,235.10421672953817,3084.0,2177.0,586.0,0.0,13.117586927621153,9.259723327312336,2.4925116535622553,0.0
1,5,2,738.3271474540961,6921.0,5232.0,1970.0,0.0,9.373893434455216,7.086289618417815,2.668193912133619,0.0
1,5,3,195.08283378787746,1796.0,1015.0,882.0,0.0,9.206345659059235,5.2029180645574185,4.521156387132653,0.0
1,6,0,11.632736164145172,2343.0,1227.0,19.0,0.0,201.41435058259785,105.47819383903011,1.6333216649890563,0.0
1,6,1,239.58084106623573,2924.0,2079.0,444.0,0.0,12.204648698063533,8.677655486755842,1.8532366696101943,0.0
1,6,2,818.0700769004688,6800.0,5220.0,1538.0,0.0,8.31224633684692,6.380871452697194,1.8800345391280238,0.0
1,6,3,202.5830713719697,1774.0,1152.0,704.0,0.0,8.756901492241164,5.686556098681974,3.4751176158612065,0.0
1,7,0,7.066751128026226,2760.0,1345.0,18.0,0.0,390.5613697154324,190.32791386494804,2.5471393677093417,0.0
1,7,1,221.33261925824627,2652.0,1889.0,339.0,0.0,11.981966367576854,8.534666089122428,1.5316314474391228,0.0
1,7,2,802.1915500118921,5993.0,5121.0,1332.0,0.0,7.470784253350907,6.3837620826647745,1.6604512974242296,0.0
1,7,3,202.27718847827055,1649.0,1188.0,539.0,0.0,8.15217975099126,5.873128892769932,2.664660330978951,0.0
1,8,0,10.14258216520102,3123.0,1823.0,15.0,0.0,307.90975602987425,179.73726712854972,1.4789133334768216,0.0
1,8,1,226.38349311379716,2454.0,1835.0,252.0,0.0,10.840012963164401,8.105714664794895,1.1131553654105253,0.0
1,8,2,742.936791185617,5296.0,4581.0,1024.0,0.0,7.128466462871449,6.166069650002664,1.378313757171519,0.0
1,8,3,225.74372820791177,1720.0,1181.0,519.0,0.0,7.619259297498029,5.2315960641541706,2.299067195000859,0.0
1,9,0,10.86676684509439,3185.0,1755.0,17.0,0.0,293.0954574991928,161.5015786220042,1.5644027558826616,0.0
1,9,1,211.96692565800913,2170.0,1763.0,182.0,0.0,10.237446211307104,8.317335332043513,0.8586245209483377,0.0
1,9,2,620.4124724142239,4419.0,3876.0,890.0,0.0,7.122680791384244,6.247456607242664,1.4345295099189812,0.0
1,9,3,222.17998967481253,1656.0,1214.0,393.0,0.0,7.453416495444786,5.464038421177518,1.768836161056643,0.0
1,10,0,7.410974540958705,3092.0,1853.0,8.0,0.0,417.219082714594,250.0345925841341,1.0794801622628563,0.0
1,10,1,190.8074609288742,1856.0,1544.0,137.0,0.0,9.72708295034567,8.091926764727218,0.7180012738132311,0.0
1,10,2,536.6731176879111,3739.0,3251.0,757.0,0.0,6.966996998300038,6.057691158457723,1.410542050739002,0.0
1,10,3,214.20899098104564,1438.0,1090.0,366.0,0.0,6.713070228351161,5.088488559737668,1.7086117549210884,0.0
1,11,0,5.520524503925117,3059.0,1969.0,5.0,0.0,554.1140154028911,356.66900827992566,0.9057110418484654,0.0
1,11,1,164.84285651995015,1655.0,1341.0,156.0,0.0,10.039864844247608,8.135020396456822,0.946355840303702,0.0
1,11,2,498.32815435292287,3253.0,2941.0,677.0,0.0,6.52782703843817,5.901733575175733,1.3585425468867633,0.0
1,11,3,192.41944736232108,1308.0,1030.0,277.0,0.0,6.797649707085315,5.352889295334766,1.4395634318521653,0.0
1,12,0,6.597928778071946,2768.0,1734.0,14.0,0.0,419.5255955474057,262.80974807774624,2.121878012161734,0.0
1,12,1,161.74048013381253,1555.0,1276.0,158.0,0.0,9.614167082436655,7.889181477292071,0.9768735685048175,0.0
1,12,2,480.02285454594676,3019.0,2640.0,553.0,1.0,6.2892838776513456,5.499738137462588,1.1520284810669739,0.002083234142978253
1,12,3,177.8593396348224,1203.0,942.0,321.0,0.0,6.763771879902276,5.296320125409762,1.804796985410333,0.0
1,13,0,6.2679881579606445,2567.0,1705.0,3.0,0.0,409.5412970332095,272.0171061323032,0.47862247413308473,0.0
1,13,1,159.75944320215785,1379.0,1110.0,133.0,0.0,8.63172762974035,6.947946097905575,0.8325016495688662,0.0
1,13,2,387.25751129612763,2517.0,2334.0,498.0,0.0,6.4995511425349815,6.026997364591438,1.2859660186660393,0.0
1,13,3,148.81263381698227,921.0,759.0,291.0,0.0,6.188990654736311,5.100373406020478,1.955479131952515,0.0
1,14,0,10.172259907958505,2264.0,1442.0,2.0,0.0,222.56607877554393,141.75807667594273,0.1966131437946501,0.0
1,14,1,144.70452226615453,1230.0,1001.0,86.0,0.0,8.500079892027598,6.917544692617582,0.594314529036076,0.0
1,14,2,421.8458556359474,2484.0,2149.0,419.0,0.0,5.888406788435276,5.094277853602017,0.9932538020750324,0.0
1,14,3,115.43891887508653,823.0,648.0,223.0,0.0,7.129311397056196,5.613358183830395,1.9317575231391637,0.0
1,15,0,3.9476148179892334,2276.0,1340.0,2.0,0.0,576.5506780520468,339.44547829074816,0.5066350422249972,0.0
1,15,1,114.06563689503673,1019.0,916.0,73.0,0.0,8.933452946374064,8.03046408133331,0.6399823994949034,0.0
1,15,2,367.8950467519462,2064.0,1879.0,323.0,0.0,5.610295703142899,5.107434896417398,0.8779677868774983,0.0
1,15,3,113.66978471298353,736.0,624.0,179.0,0.0,6.474895697730068,5.4895854828581,1.5747368612685897,0.0
1,16,0,6.486584117039456,2208.0,1451.0,3.0,0.0,340.39487658841216,223.69246645370742,0.4624930388429513,0.0
1,16,1,115.2400044649039,980.0,832.0,58.0,0.0,8.503991340077194,7.219715096881862,0.5032974466576299,0.0
1,16,2,366.9082942501773,1990.0,1799.0,269.0,0.0,5.423698594949489,4.9031325489015725,0.7331532271564887,0.0
1,16,3,122.60744633881404,607.0,540.0,193.0,0.0,4.9507596653029795,4.40430019648041,1.5741295146679983,0.0
1,17,0,5.170984455959115,1964.0,1269.0,4.0,0.0,379.81162324645146,245.40781563123568,0.7735470941882922,0.0
1,17,1,110.99197386312153,969.0,753.0,54.0,0.0,8.73036100065216,6.784274337968086,0.4865216656710182,0.0
1,17,2,312.94216933289135,1747.0,1577.0,215.0,0.0,5.582501085501308,5.039269726293968,0.6870278954681059,0.0
1,17,3,95.65298363802867,567.0,436.0,192.0,0.0,5.9276770931228775,4.558143232101543,2.0072557352373765,0.0
1,18,0,3.268453859091096,1897.0,1206.0,5.0,0.0,580.396750813403,368.98180362728726,1.529775305254093,0.0
1,18,1,111.6660418458996,849.0,699.0,53.0,0.0,7.603027616682515,6.2597365183287135,0.4746295214183431,0.0
1,18,2,269.89250078499026,1475.0,1365.0,171.0,0.0,5.465138881999015,5.057569202663496,0.6335855924215807,0.0
1,18,3,101.65981169820589,525.0,451.0,177.0,0.0,5.1642826327334745,4.436364699738661,1.7411010018930002,0.0
1,19,0,3.3206991248662234,1887.0,1127.0,1.0,0.0,568.2538312097213,339.3863634199024,0.30114140498660374,0.0
1,19,1,105.23038367290428,839.0,610.0,56.0,0.0,7.972982428800492,5.796804864801311,0.5321656925063498,0.0
1,19,2,253.01463014302863,1346.0,1191.0,189.0,0.0,5.319850473623241,4.707237677626508,0.7469923770540806,0.0
1,19,3,106.7574503881624,564.0,490.0,141.0,0.0,5.28300364938781,4.589843596099338,1.3207509123469525,0.0
1,20,0,2.217617042049824,1843.0,1211.0,5.0,0.0,831.0722568656166,546.0816619990568,2.2546724277417702,0.0
1,20,1,95.43084358188207,725.0,643.0,47.0,0.0,7.597124501764796,6.737863523634156,0.4925032435626833,0.0
1,20,2,206.63473876091302,1173.0,976.0,172.0,0.0,5.676683441680255,4.723310348746742,0.8323866598201225,0.0
1,20,3,89.91530925290863,510.0,440.0,131.0,0.0,5.6720040695795335,4.893493707088225,1.4569265355194487,0.0
1,21,0,3.6879524671894615,1767.0,1152.0,2.0,0.0,479.12765029387884,312.3684511253811,0.5423063387593422,0.0
1,21,1,90.6568528200005,681.0,643.0,22.0,0.0,7.511842500777386,7.092679483112863,0.24267332601630323,0.0
1,21,2,206.05827244286047,1144.0,1032.0,146.0,0.0,5.551827579828074,5.008292012572179,0.7085374358871493,0.0
1,21,3,79.26241476898576,421.0,369.0,133.0,0.0,5.3114707800289125,4.655422132614415,1.6779705789640031,0.0
1,22,0,2.4226350398748764,1648.0,978.0,6.0,0.0,680.2510377646959,403.6926668288062,2.476642127784087,0.0
1,22,1,75.9374064729709,652.0,502.0,23.0,0.0,8.586018805265258,6.610707730434294,0.30288103147408124,0.0
1,22,2,181.49227472703933,968.0,924.0,125.0,0.0,5.333560348261942,5.091125786977309,0.6887345491040732,0.0
1,22,3,95.55191276696132,455.0,332.0,123.0,0.0,4.7618094376581,3.4745510622032736,1.2872583754548272,0.0
1,23,0,3.250490671991429,1720.0,1076.0,2.0,0.0,529.1508801488834,331.0269459536038,0.6152917211033527,0.0
1,23,1,91.01479321400257,636.0,544.0,28.0,0.0,6.987875020542834,5.977050332036638,0.3076422965018858,0.0
1,23,2,219.60269305786642,978.0,879.0,120.0,0.0,4.453497297240759,4.002683153655037,0.5464413861645102,0.0
1,23,3,59.688356045146065,350.0,327.0,101.0,0.0,5.8637902463802645,5.47845545876099,1.6921223282411622,0.0
1,24,0,1.331133424959262,1521.0,1125.0,0.0,0.0,1142.6352696736983,845.1444302320255,0.0,0.0
1,24,1,66.82435447006719,553.0,511.0,22.0,0.0,8.27542599379253,7.646912627175374,0.32922128727565214,0.0
1,24,2,182.39182802196592,836.0,794.0,81.0,0.0,4.583538687376489,4.3532652126518325,0.44409884411183687,0.0
1,24,3,60.81039926392259,373.0,322.0,104.0,0.0,6.13381928938086,5.2951469468649774,1.7102337965029741,0.0
1,25,0,1.4351932111458154,1358.0,838.0,1.0,0.0,946.2140633426027,583.8935088962453,0.6967702970122258,0.0
1,25,1,72.63250619196333,558.0,509.0,28.0,0.0,7.682510617563432,7.007881548996034,0.3855023248956561,0.0
1,25,2,160.04860219715192,792.0,704.0,76.0,0.0,4.948496826135315,4.398663845453614,0.4748557560432879,0.0
1,25,3,59.09059476810944,341.0,303.0,111.0,0.0,5.770799927436744,5.1277195836168135,1.878471530631902,0.0
1,26,1,45.514968178038544,449.0,440.0,26.0,0.0,9.86488660705353,9.667149459027957,0.571240649851652,0.0
1,26,2,140.7694338159563,776.0,630.0,77.0,0.0,5.512560354647388,4.475403380705998,0.5469937465307331,0.0
1,26,3,64.02207906592957,325.0,271.0,104.0,0.0,5.076373725153737,4.232914706205116,1.6244395920491959,0.0
1,27,1,48.87015816204075,388.0,379.0,11.0,0.0,7.939405448893633,7.7552439822955845,0.22508623695317,0.0
1,27,2,137.3193616779754,700.0,570.0,69.0,0.0,5.097605985393047,4.15090773096291,0.5024783042744575,0.0
1,27,3,40.49953220903262,246.0,228.0,81.0,0.0,6.074144232834732,5.629694654822435,2.000023101055339,0.0
1,28,0,1.863080145107233,1115.0,676.0,0.0,0.0,598.4713019073176,362.8400000801316,0.0,0.0
1,28,1,44.14584038995963,396.0,309.0,17.0,0.0,8.970267560928907,6.9995269604217984,0.38508724377725106,0.0
1,28,2,142.01579886304535,690.0,577.0,85.0,0.0,4.8586143620922755,4.062928241923541,0.5985249576490485,0.0
1,28,3,50.420149494901125,265.0,237.0,54.0,0.0,5.255835269326182,4.700501731435113,1.071000394504203,0.0
1,29,0,1.3613997959837434,1020.0,684.0,5.0,0.0,749.2288474033089,502.4240506116307,3.6726904284475927,0.0
1,29,1,32.90455628987547,322.0,285.0,13.0,0.0,9.785878805455202,8.66141447066687,0.3950820635742783,0.0
1,29,2,142.08982891195046,612.0,552.0,83.0,0.0,4.307134470400701,3.884866385067299,0.5841375180445395,0.0
1,29,3,34.59232444696681,270.0,182.0,77.0,0.0,7.805199688559079,5.261282753028713,2.2259273185890707,0.0
1,30,1,29.2547655521048,310.0,275.0,21.0,0.0,10.596564154577418,9.400177879060614,0.7178317653100832,0.0
1,30,2,116.84271070975228,545.0,509.0,43.0,0.0,4.664390244709647,4.356283733132496,0.36801611105048593,0.0
1,30,3,45.925064429073245,238.0,217.0,94.0,0.0,5.182355277205275,4.725088635098928,2.046812588476033,0.0
1,31,0,1.0548757748038042,930.0,664.0,1.0,0.0,881.6203975989213,629.4580043071868,0.9479789221493777,0.0
1,31,1,33.91600675906375,353.0,279.0,25.0,0.0,10.408064914825621,8.226204281122799,0.7371150789536558,0.0
1,31,2,116.62074057607242,478.0,447.0,56.0,0.0,4.098756341614875,3.832937415694245,0.4801890274695251,0.0
1,31,3,46.368404009059304,265.0,205.0,85.0,0.0,5.715098581961656,4.4211139973665645,1.8331448281763802,0.0
1,32,1,36.10657604695734,272.0,241.0,11.0,0.0,7.533253766467871,6.674684403377782,0.3046536449674506,0.0
1,32,2,107.34129105503234,436.0,371.0,55.0,0.0,4.061810657526646,3.456265490693545,0.5123843719357007,0.0
1,32,3,43.03795710092527,209.0,181.0,62.0,0.0,4.856178454518389,4.205589953434586,1.4405888238284217,0.0
1,33,1,32.11477808604104,269.0,215.0,14.0,0.0,8.376206096747811,6.694737214872786,0.435936376782414,0.0
1,33,2,103.58755598102289,419.0,320.0,49.0,0.0,4.044887400150268,3.0891741480861232,0.47302979142568763,0.0
1,33,3,42.44713025503734,203.0,128.0,63.0,0.0,4.782419889879583,3.015515989677767,1.484199276169526,0.0
1,34,0,4.270281005046854,830.0,488.0,0.0,0.0,194.36660000104445,114.27819373555384,0.0,0.0
1,34,1,37.591777442044986,257.0,194.0,12.0,0.0,6.836601445521307,5.160703036697018,0.31921874453795984,0.0
1,34,2,85.70630058890674,386.0,317.0,33.0,0.0,4.503752902035318,3.6986779014124243,0.385035869863123,0.0
1,34,3,34.34055193494714,215.0,156.0,60.0,0.0,6.260819581679532,4.542734208102358,1.747205464654753,0.0
1,35,0,1.0702825828338973,821.0,518.0,1.0,0.0,767.0871349005361,483.98433115527126,0.9343326856279368,0.0
1,35,1,28.17874513298011,231.0,221.0,13.0,0.0,8.197668097350439,7.842790690538731,0.4613406288552195,0.0
1,35,2,89.47501134300546,389.0,316.0,25.0,0.0,4.3475825726219295,3.5317123212044463,0.27940762034845307,0.0
1,35,3,29.70285453608085,181.0,156.0,57.0,0.0,6.093690415516612,5.252020468622052,1.919007478919596,0.0
1,36,1,24.857477323930652,229.0,183.0,16.0,0.0,9.212519718545147,7.361969906086297,0.6436694999856871,0.0
1,36,2,78.33234539507248,390.0,317.0,23.0,0.0,4.9787861965962925,4.046859549541089,0.29362072441465314,0.0
1,36,3,27.07068088802771,180.0,126.0,55.0,0.0,6.649260162481058,4.654482113736741,2.031718382980323,0.0
1,37,0,1.115569422057888,760.0,443.0,1.0,0.0,681.2664321670184,397.1066176973541,0.8964032002197609,0.0
1,37,1,26.02907984393096,268.0,219.0,18.0,0.0,10.296176492097086,8.413666611079334,0.6915342420065207,0.0
1,37,2,77.11061691504437,349.0,305.0,31.0,0.0,4.5259656058063475,3.9553567615213066,0.4020198675644607,0.0
1,37,3,32.081034516959335,159.0,160.0,50.0,0.0,4.956199274557251,4.987370339177108,1.5585532309928465,0.0
1,38,0,2.6856075039249845,788.0,555.0,0.0,0.0,293.4159212946594,206.65715268849743,0.0,0.0
1,38,1,21.718058512036805,229.0,201.0,6.0,0.0,10.544220602089329,9.25497092148452,0.27626778870103047,0.0
1,38,2,67.5535455790523,339.0,245.0,41.0,0.0,5.018241412707146,3.62675264340192,0.6069259525693009,0.0
1,38,3,33.83775346503535,196.0,146.0,44.0,0.0,5.792346711271107,4.31470724411011,1.300322731101677,0.0
1,39,0,1.2929681380701368,720.0,519.0,0.0,0.0,556.8582695894272,401.4020026623788,0.0,0.0
1,39,1,20.612228623984265,182.0,180.0,13.0,0.0,8.829709941613295,8.732680162035127,0.6306935672580926,0.0
1,39,2,60.12495825998485,257.0,257.0,22.0,0.0,4.2744312418266075,4.2744312418266075,0.36590461992290024,0.0
1,39,3,39.843407026986824,168.0,138.0,45.0,0.0,4.216506883716291,3.463559225909811,1.129421486709721,0.0
1,40,0,2.101825492027274,652.0,425.0,0.0,0.0,310.20653354581134,202.2051790751071,0.0,0.0
1,40,1,24.90561145501124,193.0,226.0,3.0,0.0,7.749257646158557,9.074260248869606,0.12045478206464079,0.0
1,40,2,62.240673533960944,298.0,243.0,19.0,0.0,4.787865925605698,3.904199395712029,0.30526661941781297,0.0
1,40,3,26.057173236986273,139.0,119.0,49.0,0.0,5.334423605193657,4.566880640417591,1.8804802637013613,0.0
1,41,1,15.128010369997355,152.0,191.0,4.0,0.0,10.047586978222476,12.625586268687453,0.26441018363743357,0.0
1,41,2,38.02685028700944,234.0,188.0,15.0,0.0,6.153546723798422,4.943875145615826,0.39445812332041164,0.0
1,41,3,27.192705538975133,147.0,136.0,62.0,0.0,5.405861501692277,5.0013412532663235,2.280023218400824,0.0
1,42,0,1.9530238399893278,533.0,423.0,0.0,0.0,272.9101350871951,216.58721790222052,0.0,0.0
1,42,1,17.125024773005862,132.0,150.0,6.0,0.0,7.7080180466699995,8.759111416670454,0.35036445666681815,0.0
1,42,2,47.53800144588604,191.0,199.0,20.0,0.0,4.017838238686183,4.186124657060474,0.420716045935726,0.0
1,42,3,38.216845908013056,142.0,130.0,58.0,0.0,3.715638918548911,3.4016412634602706,1.5176553329284284,0.0
1,43,0,1.0347350890588132,470.0,376.0,1.0,0.0,454.22253963331644,363.3780317066532,0.966430935390035,0.0
1,43,1,7.132875807998062,107.0,114.0,3.0,0.0,15.000962147696638,15.982333503153429,0.4205877237671955,0.0
1,43,2,38.177140433035675,165.0,173.0,10.0,0.0,4.321958065178219,4.531507547126253,0.26193685243504355,0.0
1,43,3,18.958916923998913,118.0,81.0,56.0,0.0,6.223984232486991,4.2723959561986975,2.953755228976877,0.0
1,44,1,8.989768246035965,109.0,113.0,6.0,0.0,12.12489543855188,12.569845729874885,0.6674254369845072,0.0
1,44,2,44.21619164898584,207.0,142.0,18.0,0.0,4.681542943437731,3.211493226899313,0.40709069073371573,0.0
1,44,3,26.923641192050127,111.0,100.0,28.0,0.0,4.12277073551164,3.7142078698303065,1.0399782035524858,0.0
1,45,1,8.748510556994006,146.0,106.0,5.0,0.0,16.688555045896372,12.116348184006956,0.5715258577361771,0.0
1,45,2,48.467037155081925,185.0,140.0,10.0,0.0,3.8170272180667464,2.8885611379964566,0.20632579557117547,0.0
1,45,3,31.525410603993805,142.0,92.0,17.0,0.0,4.504302950522417,2.9182807848455097,0.5392475363301485,0.0
1,46,1,10.341362431026937,117.0,114.0,3.0,0.0,11.313789723583012,11.023692551183448,0.29009717239956445,0.0
1,46,2,41.37418072393484,178.0,175.0,5.0,0.0,4.3021999924950185,4.229691003857462,0.12084831439592747,0.0
1,46,3,20.08772719195258,135.0,75.0,24.0,0.0,6.720521376558859,3.7336229869771445,1.194759355832686,0.0
1,47,1,7.2754191289277514,80.0,87.0,8.0,0.0,10.99593007389945,11.958073955365652,1.099593007389945,0.0
1,47,2,52.932151644032274,204.0,186.0,14.0,0.0,3.8539903190011273,3.5139323496774986,0.2644895316961558,0.0
1,47,3,20.677334841944685,108.0,90.0,20.0,0.0,5.223110271490032,4.35259189290836,0.9672426428685245,0.0
1,48,1,6.587515656974574,74.0,70.0,8.0,0.0,11.233369885299936,10.62616070231075,1.2144183659783714,0.0
1,48,2,39.45138734003558,172.0,119.0,13.0,0.0,4.359795981761408,3.0163704757535323,0.32951946373778085,0.0
1,48,3,15.382332501998462,86.0,79.0,26.0,0.0,5.590829608502283,5.135762082228841,1.690250811872783,0.0
1,49,0,1.1813607758886064,331.0,210.0,0.0,0.0,280.1853648399876,177.76110760240903,0.0,0.0
1,49,1,5.181729939053184,86.0,72.0,4.0,0.0,16.596773859602973,13.894973463853653,0.7719429702140918,0.0
1,49,2,35.36781457399047,143.0,134.0,19.0,0.0,4.04322409293455,3.7887554437288795,0.5372115927675277,0.0
1,49,3,15.659458977999748,85.0,77.0,26.0,0.0,5.428029162400694,4.917155829468864,1.6603383320284477,0.0
1,50,1,8.388649929023813,79.0,71.0,4.0,0.0,9.417486802813004,8.463817253161054,0.47683477482597486,0.0
1,50,2,30.150585761999537,154.0,132.0,8.0,0.0,5.107695127903445,4.378024395345809,0.26533481183914,0.0
1,50,3,10.092530192021513,88.0,57.0,35.0,0.0,8.719319964934757,5.647741340923649,3.46791134968996,0.0
1,51,1,13.263455711959978,85.0,82.0,4.0,0.0,6.408586257301968,6.182400859985428,0.30158052975538674,0.0
1,51,2,41.65679836097843,144.0,127.0,10.0,0.0,3.4568187106498924,3.04872205730928,0.24005685490624254,0.0
1,51,3,16.281130287046835,66.0,73.0,26.0,0.0,4.053772608926862,4.48371818866153,1.596940724728764,0.0
1,52,1,9.488348799030064,81.0,98.0,1.0,0.0,8.53678566372688,10.328456728953508,0.10539241560156641,0.0
1,52,2,27.27556036393071,128.0,90.0,8.0,0.0,4.692845840456778,3.2996572315711723,0.29330286502854863,0.0
1,52,3,15.259774195990758,75.0,57.0,25.0,0.0,4.914882686776909,3.735310841950451,1.6382942289256364,0.0
1,53,1,4.846263469997211,63.0,72.0,2.0,0.0,12.999705936341973,14.856806784390827,0.41268907734418964,0.0
1,53,2,29.05612006602314,128.0,127.0,13.0,0.0,4.405268140039013,4.370851982694958,0.44741004547271224,0.0
1,53,3,12.152582278991758,54.0,49.0,17.0,0.0,4.443500052935262,4.032064862848664,1.3988796462944342,0.0
1,54,1,6.648999972981983,79.0,81.0,4.0,0.0,11.881485986015068,12.18228309958507,0.6015942271400034,0.0
1,54,2,30.64625821698428,114.0,106.0,7.0,0.0,3.719866849415918,3.458823561737608,0.22841287671852128,0.0
1,54,3,9.384342222001578,51.0,48.0,14.0,0.0,5.434584416628644,5.114902980356371,1.4918467026039415,0.0
1,55,1,4.768991899967659,65.0,85.0,2.0,0.0,13.629714909023182,17.82347334256878,0.41937584335455946,0.0
1,55,2,20.605094269063557,100.0,99.0,5.0,0.0,4.853168769537724,4.804637081842348,0.24265843847688623,0.0
1,55,3,17.823042816969974,80.0,72.0,18.0,0.0,4.488571386016593,4.039714247414934,1.0099285618537335,0.0
1,56,1,2.196288514016487,57.0,63.0,1.0,0.0,25.95287442256874,28.684755940733872,0.4553135863608551,0.0
1,56,2,27.26689791797253,97.0,75.0,0.0,0.0,3.5574270418221663,2.7505879189346647,0.0,0.0
1,56,3,7.165058863007289,29.0,32.0,19.0,0.0,4.047419645039488,4.466118229009091,2.6517576984741473,0.0
1,57,1,2.497265656980744,68.0,73.0,4.0,0.0,27.229782225978184,29.231972095535404,1.6017518956457755,0.0
1,57,2,16.604191343998536,64.0,62.0,11.0,0.0,3.854448474729986,3.7339969598946743,0.6624833315942164,0.0
1,57,3,12.65841632001684,77.0,56.0,18.0,0.0,6.082909429850192,4.42393413080014,1.4219788277571876,0.0
1,58,1,3.6966329229981056,43.0,62.0,1.0,0.0,11.63220717222997,16.77201964368042,0.27051644586581325,0.0
1,58,2,11.224209829997562,56.0,45.0,5.0,0.0,4.989215352187706,4.009190908007978,0.44546565644533087,0.0
1,58,3,8.740512484975625,57.0,52.0,15.0,0.0,6.521356739433679,5.949307902641251,1.7161465103772837,0.0
1,59,2,19.39077855800133,64.0,59.0,3.0,0.0,3.300537923661209,3.042683398375177,0.15471271517161916,0.0
1,59,3,13.206903643011174,76.0,69.0,10.0,0.0,5.754566100754257,5.224540275684785,0.7571797500992443,0.0
1,60,1,1.0638003719723201,42.0,62.0,1.0,0.0,39.481091665845774,58.28161150672471,0.940025992043947,0.0
1,60,2,13.20662633599568,70.0,57.0,1.0,0.0,5.300369543220103,4.316015199479227,0.07571956490314433,0.0
1,60,3,7.858936884025752,66.0,54.0,17.0,0.0,8.39808246000207,6.871158376365331,2.1631424518187155,0.0
1,61,1,1.1297449429694097,50.0,33.0,8.0,0.0,44.257777218794644,29.210132964404465,7.0812443550071436,0.0
1,61,2,12.671348850992217,59.0,44.0,2.0,0.0,4.65617360028566,3.4724006510604926,0.15783639323002238,0.0
1,61,3,5.620155338998302,49.0,44.0,15.0,0.0,8.718620223891076,7.828965099004232,2.6689653746605333,0.0
1,62,1,1.2209795369781204,38.0,47.0,2.0,0.0,31.122552712102454,38.493683617600404,1.6380290901106553,0.0
1,62,2,3.8021779100236017,42.0,34.0,3.0,0.0,11.046300566124557,8.942243315434165,0.789021469008897,0.0
1,62,3,10.359101321992057,51.0,36.0,13.0,0.0,4.92320698627868,3.4752049314908326,1.2549351141494673,0.0
1,63,1,2.4700582190489513,48.0,48.0,1.0,0.0,19.43274034183756,19.43274034183756,0.4048487571216159,0.0
1,63,2,9.30056406098447,44.0,35.0,4.0,0.0,4.730895858733817,3.7632126149019,0.4300814417030743,0.0
1,63,3,7.1371676179769565,49.0,36.0,15.0,0.0,6.8654685755985,5.044017729011143,2.101674053754643,0.0
1,64,1,3.862875118975353,51.0,51.0,2.0,0.0,13.202601282520364,13.202601282520364,0.5177490699027594,0.0
1,64,2,7.834228297033405,46.0,33.0,3.0,0.0,5.871669583259255,4.212284701033814,0.38293497282125577,0.0
1,64,3,9.047176038009638,43.0,31.0,13.0,0.0,4.752864299240486,3.4264835645687226,1.4369124625610772,0.0
1,65,1,3.1614616380174994,50.0,33.0,5.0,0.0,15.815469464735994,10.438209846725757,1.5815469464735994,0.0
1,65,2,7.464529449971451,52.0,20.0,5.0,0.0,6.966279703029222,2.6793383473189314,0.6698345868297328,0.0
1,65,3,4.291873710011714,25.0,19.0,16.0,0.0,5.824961704181124,4.4269708951776545,3.7279754906759197,0.0
1,66,1,3.14465076597844,29.0,46.0,8.0,0.0,9.222009742304982,14.62801545331135,2.544002687532409,0.0
1,66,2,7.585481741974945,23.0,27.0,2.0,0.0,3.0321080166507333,3.5594311499812954,0.2636615666652812,0.0
1,66,3,4.771765997982584,49.0,22.0,14.0,0.0,10.268734892011953,4.610452400495163,2.933924254860558,0.0
1,67,1,2.554869293999218,34.0,50.0,3.0,0.0,13.307921497141923,19.570472789914593,1.1742283673948755,0.0
1,67,2,6.351372553974215,31.0,17.0,0.0,0.0,4.880834770210813,2.6765868094704457,0.0,0.0
1,67,3,6.302819905002252,52.0,23.0,12.0,0.0,8.25027539795799,3.6491602721737264,1.9039097072210747,0.0
1,68,1,1.1809738920201198,31.0,23.0,0.0,0.0,26.249521864512026,19.47545170592828,0.0,0.0
1,68,2,4.035375955027121,31.0,32.0,3.0,0.0,7.682059948189303,7.929868333614764,0.7434251562763842,0.0
1,68,3,7.627895244964748,54.0,46.0,14.0,0.0,7.079279180668607,6.030497079828813,1.8353686764696389,0.0
1,69,1,1.2125262070185272,17.0,23.0,1.0,0.0,14.020315521098047,18.96866217560324,0.8247244424175322,0.0
1,69,2,5.963329941012489,18.0,24.0,1.0,0.0,3.0184477763348196,4.024597035113093,0.1676915431297122,0.0
1,69,3,4.871695318026468,47.0,29.0,13.0,0.0,9.647565566362179,5.95275322179794,2.6684755821852835,0.0
1,70,2,6.162564327001746,21.0,16.0,1.0,0.0,3.40767233990352,2.596321782783634,0.16227011142397713,0.0
1,70,3,8.400971124021453,50.0,35.0,13.0,0.0,5.951692877152225,4.166185014006557,1.5474401480595785,0.0
1,71,1,1.09326146398962,20.0,22.0,0.0,0.0,18.293885459946924,20.123274005941617,0.0,0.0
1,71,2,7.690214082002058,24.0,16.0,4.0,0.0,3.120849399520472,2.0805662663469815,0.5201415665867454,0.0
1,71,3,3.4079476759652607,44.0,23.0,9.0,0.0,12.910996348421788,6.748929909402298,2.6408856167226387,0.0
1,72,2,5.672739828005433,15.0,16.0,3.0,0.0,2.6442249168465892,2.820506577969695,0.5288449833693178,0.0
1,72,3,6.903114476008341,45.0,22.0,4.0,0.0,6.518796719422335,3.186967285050919,0.5794485972819853,0.0
1,73,2,2.1425341609792667,18.0,15.0,3.0,0.0,8.401266279821144,7.001055233184286,1.4002110466368574,0.0
1,73,3,8.384707975033962,54.0,34.0,12.0,0.0,6.440295852972897,4.055001092612565,1.4311768562161993,0.0
1,74,2,4.589589789997262,22.0,18.0,2.0,0.0,4.79345671544496,3.9219191308186034,0.43576879231317817,0.0
1,74,3,7.9430621409846935,58.0,33.0,20.0,0.0,7.3019698159896045,4.154569033235465,2.517920626203312,0.0
1,75,2,9.0961581530064,37.0,25.0,2.0,0.0,4.0676513510015235,2.748413075001029,0.21987304600008234,0.0
1,75,3,9.459437024961517,52.0,35.0,20.0,0.0,5.497155894455733,3.7000087751144353,2.11429072863682,0.0
1,76,2,3.260487808001926,25.0,11.0,1.0,0.0,7.667564325388587,3.373728303170978,0.30670257301554343,0.0
1,76,3,8.371749177051242,48.0,35.0,14.0,0.0,5.733568813979554,4.180727260193425,1.67229090407737,0.0
1,77,3,3.5214623780193506,32.0,37.0,20.0,0.0,9.08713385658785,10.506998521679701,5.6794586603674055,0.0
1,78,1,2.7057865069946274,19.0,11.0,0.0,0.0,7.021987858570442,4.06536139180394,0.0,0.0
1,78,2,2.2429653710132698,10.0,7.0,1.0,0.0,4.45838358863403,3.120868512043821,0.445838358863403,0.0
1,78,3,6.582304215990007,46.0,29.0,14.0,0.0,6.98843421552211,4.405752005437852,2.1269147612458594,0.0
1,79,2,2.981591579999076,12.0,8.0,1.0,0.0,4.024696098720442,2.6831307324802944,0.3353913415600368,0.0
1,79,3,6.498999925956014,40.0,25.0,17.0,0.0,6.15479311520625,3.846745697003906,2.615787073962656,0.0
1,80,2,4.377595176018076,16.0,6.0,2.0,0.0,3.654974787904859,1.370615545464322,0.45687184848810736,0.0
1,80,3,6.293781933025457,55.0,24.0,21.0,0.0,8.738783864022627,3.813287504300783,3.3366265662631847,0.0
1,81,1,1.0391074510189355,9.0,7.0,0.0,0.0,8.661279438593876,6.736550674461904,0.0,0.0
1,81,2,4.8828058430081,26.0,14.0,1.0,0.0,5.324807259586313,2.867203909008015,0.20480027921485822,0.0
1,81,3,9.269436041009612,55.0,41.0,22.0,0.0,5.93347855863834,4.423138561894036,2.3733914234553364,0.0
1,82,3,6.546004036041268,56.0,30.0,14.0,0.0,8.554837377379057,4.582948595024495,2.1387093443447642,0.0
1,83,2,3.7657893120194785,12.0,16.0,2.0,0.0,3.186582946023808,4.248777261365078,0.5310971576706347,0.0
1,83,3,9.001687923991994,40.0,45.0,17.0,0.0,4.4436110580315615,4.999062440285507,1.8885346996634138,0.0
1,84,2,3.1408031880200724,15.0,19.0,1.0,0.0,4.7758484381365625,6.049408021639646,0.3183898958757709,0.0
1,84,3,6.368615873027011,48.0,42.0,6.0,0.0,7.536959514750187,6.5948395754064135,0.9421199393437734,0.0
1,85,2,9.31961024197517,27.0,26.0,3.0,0.0,2.8971168642217493,2.7898162396209436,0.3219018738024166,0.0
1,85,3,3.6318895769727533,38.0,32.0,8.0,0.0,10.462873166885679,8.81084056158794,2.202710140396985,0.0
1,86,1,1.0367456060048426,9.0,9.0,0.0,0.0,8.681010990422237,8.681010990422237,0.0,0.0
1,86,2,6.757590854002046,19.0,27.0,1.0,0.0,2.811652911591656,3.9955067691039323,0.14798173218903454,0.0
1,86,3,6.397598955023568,50.0,34.0,15.0,0.0,7.8154320631084016,5.314493802913713,2.3446296189325206,0.0
1,87,1,2.4636278540056082,9.0,9.0,0.0,0.0,3.6531491496846473,3.6531491496846473,0.0,0.0
1,87,2,5.440028305994929,33.0,19.0,1.0,0.0,6.066144906568573,3.4926288856000873,0.1838225729263204,0.0
1,87,3,7.463136205959017,42.0,37.0,15.0,0.0,5.62766092443344,4.957701290572317,2.0098789015833716,0.0
1,88,1,2.770030499981658,12.0,7.0,0.0,0.0,4.332082264104839,2.5270479873944893,0.0,0.0
1,88,2,2.0126271800036193,21.0,16.0,2.0,0.0,10.43412322393571,7.9498081706176835,0.9937260213272104,0.0
1,88,3,3.985092270944733,32.0,17.0,14.0,0.0,8.029926993989994,4.265898715557184,3.5130930598706223,0.0
1,89,1,1.3440098570208647,18.0,12.0,0.0,0.0,13.392758919118972,8.928505946079314,0.0,0.0
1,89,2,4.1574308929994,17.0,25.0,0.0,0.0,4.089063760176002,6.013329059082356,0.0,0.0
1,89,3,5.493629637014237,43.0,28.0,8.0,0.0,7.827247710744896,5.09681246281063,1.4562321322316085,0.0
1,90,2,1.5370662950153928,7.0,19.0,0.0,0.0,4.554130178184604,12.361210483643925,0.0,0.0
1,90,3,3.621712258020125,50.0,32.0,7.0,0.0,13.805624643227016,8.83559977166529,1.9327874500517823,0.0
1,91,3,4.556335412009503,46.0,21.0,7.0,0.0,10.09583269018213,4.608967097691842,1.5363223658972807,0.0
1,92,2,1.8250063529994804,9.0,9.0,3.0,0.0,4.931489682328006,4.931489682328006,1.6438298941093352,0.0
1,92,3,6.603235195987509,47.0,45.0,14.0,0.0,7.117723147065821,6.814841311020467,2.1201728523174785,0.0
1,93,1,1.035514653995051,5.0,7.0,0.0,0.0,4.828516893227757,6.759923650518861,0.0,0.0
1,93,2,1.6330001539827208,17.0,10.0,0.0,0.0,10.410286832208028,6.1236981365929575,0.0,0.0
1,93,3,8.835907903085172,55.0,34.0,10.0,0.0,6.224600867647799,3.847935081818639,1.1317456122995997,0.0
1,94,2,7.435581191013625,24.0,14.0,2.0,0.0,3.227723480311873,1.8828386968485926,0.2689769566926561,0.0
1,94,3,6.859263160004048,44.0,41.0,17.0,0.0,6.41468317713211,5.977318415054921,2.478400318437406,0.0
1,95,2,3.087808463984402,15.0,9.0,1.0,0.0,4.857814263726875,2.914688558236125,0.32385428424845836,0.0
1,95,3,6.094166512004449,50.0,37.0,8.0,0.0,8.204567417301233,6.071379888802912,1.3127307867681972,0.0
1,96,2,3.0234225959866308,12.0,20.0,1.0,0.0,3.9690118132771484,6.615019688795247,0.33075098443976236,0.0
1,96,3,5.950374389991339,44.0,27.0,17.0,0.0,7.3944927018388915,4.537529612492047,2.8569630893468445,0.0
1,97,2,8.121419213013723,25.0,20.0,1.0,0.0,3.0782797124842562,2.462623769987405,0.12313118849937026,0.0
1,97,3,4.626208022003993,39.0,39.0,11.0,0.0,8.43023050725373,8.43023050725373,2.3777573225587445,0.0
1,98,2,1.0556047669961117,8.0,8.0,1.0,0.0,7.578594044023929,7.578594044023929,0.9473242555029912,0.0
1,98,3,2.87912196401885,31.0,29.0,6.0,0.0,10.767171515279731,10.072515288487491,2.083968680376722,0.0
1,99,2,2.7262969090079423,6.0,7.0,3.0,0.0,2.2007874418136315,2.56758534878257,1.1003937209068158,0.0
1,99,3,7.928691427972808,62.0,36.0,15.0,0.0,7.819701468171783,4.5404718202287775,1.8918632584286572,0.0
1,100,3,6.527120838014525,44.0,33.0,19.0,0.0,6.741103940307054,5.055827955230291,2.9109312469507733,0.0
1,101,2,1.2408902769893757,20.0,13.0,0.0,0.0,16.117460480489555,10.476349312318211,0.0,0.0
1,101,3,2.1404745319887297,30.0,32.0,11.0,0.0,14.01558371831072,14.949955966198102,5.139047363380597,0.0
1,102,2,2.4563961809981265,11.0,12.0,0.0,0.0,4.478104991813773,4.885205445615026,0.0,0.0
1,102,3,2.7059401119695394,33.0,28.0,16.0,0.0,12.195391854397212,10.347605209791574,5.912917262738042,0.0
1,103,2,4.1061061389846145,21.0,11.0,0.0,0.0,5.114334430038143,2.678937082400932,0.0,0.0
1,103,3,4.0130096820576,41.0,25.0,14.0,0.0,10.21677076517243,6.229738271446604,3.4886534320100986,0.0
1,104,2,3.2004987110121874,14.0,12.0,3.0,0.0,4.374318274782985,3.749415664099702,0.9373539160249255,0.0
1,104,3,3.734863345998747,26.0,28.0,2.0,0.0,6.9614327463558885,7.49692757299865,0.5354948266427607,0.0
1,105,2,1.414377118999255,5.0,11.0,1.0,0.0,3.5351250616509966,7.777275135632193,0.7070250123301993,0.0
1,105,3,4.942075492021104,39.0,34.0,10.0,0.0,7.89142133967092,6.879700655097725,2.0234413691463895,0.0
1,106,3,1.2422285310094594,20.0,12.0,3.0,0.0,16.10009712443781,9.660058274662685,2.415014568665671,0.0
1,107,2,1.5034073309871019,23.0,7.0,0.0,0.0,15.298581778830851,4.656090106600694,0.0,0.0
1,107,3,5.521082134997414,47.0,30.0,6.0,0.0,8.512823908572773,5.433717388450707,1.0867434776901412,0.0
1,108,2,6.726273272004619,18.0,17.0,0.0,0.0,2.676073253657072,2.5274025173427903,0.0,0.0
1,108,3,3.8762449419373297,42.0,22.0,16.0,0.0,10.835228585685968,5.675595925835507,4.127706127880368,0.0
1,109,2,1.3848952660191571,12.0,11.0,0.0,0.0,8.664915170440048,7.942838906236711,0.0,0.0
1,109,3,2.544476761991973,19.0,23.0,8.0,0.0,7.467154066333713,9.039186501351336,3.1440648700352476,0.0
1,110,2,2.1338693870056886,6.0,6.0,1.0,0.0,2.8117934661499526,2.8117934661499526,0.46863224435832546,0.0
1,110,3,3.00959428204078,38.0,30.0,5.0,0.0,12.626286615029228,9.96812101186518,1.66135350197753,0.0
1,111,3,6.0165623459470225,38.0,33.0,7.0,0.0,6.3158989826804,5.4848596428540315,1.1634550757569158,0.0
1,112,3,5.393937513996207,19.0,32.0,11.0,0.0,3.522473137795671,5.932586337340077,2.0393265534606515,0.0
1,113,3,1.2759242880274542,22.0,14.0,5.0,0.0,17.242402395216907,10.972437887865302,3.918727817094751,0.0
1,114,3,2.3762084510090062,15.0,19.0,5.0,0.0,6.312577498674651,7.995931498321225,2.104192499558217,0.0
1,115,3,1.1969695150110056,19.0,12.0,4.0,0.0,15.873420134534758,10.025317979706163,3.3417726599020545,0.0
1,116,2,1.467511424983968,14.0,11.0,0.0,0.0,9.539959799735763,7.495682699792385,0.0,0.0
1,116,3,1.6204445070034126,20.0,11.0,12.0,0.0,12.34229244726483,6.788260845995657,7.405375468358898,0.0
1,117,3,1.7015861820109421,24.0,9.0,1.0,0.0,14.104486892128316,5.289182584548119,0.5876869538386799,0.0
1,118,3,4.294963884007302,47.0,12.0,8.0,0.0,10.943048945070034,2.793969943422136,1.8626466289480907,0.0
1,119,3,4.626742204978655,30.0,38.0,6.0,0.0,6.484043992707911,8.213122390763354,1.2968087985415822,0.0
1,120,2,1.809736556999269,3.0,4.0,0.0,0.0,1.6576998394585736,2.2102664526114317,0.0,0.0
1,120,3,5.609092160957516,39.0,30.0,3.0,0.0,6.952996827447811,5.348459098036778,0.5348459098036779,0.0
1,121,3,4.375485765012854,38.0,20.0,11.0,0.0,8.68475000052671,4.570921052908795,2.514006579099837,0.0
1,122,2,1.052174915013893,8.0,4.0,0.0,0.0,7.60329854460973,3.801649272304865,0.0,0.0
1,122,3,3.2046936450133217,31.0,15.0,13.0,0.0,9.673311534235946,4.680634613339974,4.056549998227977,0.0
1,123,3,3.4832587349810638,35.0,31.0,13.0,0.0,10.04806207718884,8.899712125510115,3.732137342955855,0.0
1,124,3,1.366201799006376,26.0,27.0,6.0,0.0,19.030863536345453,19.762819826204893,4.3917377391566434,0.0
1,125,3,1.5554644660151098,25.0,23.0,5.0,0.0,16.072369730210955,14.78658015179408,3.214473946042191,0.0
1,126,1,1.3634131670041825,8.0,10.0,2.0,0.0,5.86762706537325,7.334533831716563,1.4669067663433124,0.0
1,126,2,1.1373579129867721,6.0,5.0,1.0,0.0,5.275384231726695,4.396153526438912,0.8792307052877825,0.0
1,126,3,2.116683309999644,22.0,14.0,7.0,0.0,10.393619062458475,6.614121221564484,3.307060610782242,0.0
1,127,2,1.3668754980171798,7.0,9.0,2.0,0.0,5.121168687385469,6.5843597409241745,1.4631910535387054,0.0
1,127,3,1.5900648550014012,6.0,13.0,12.0,0.0,3.773430990017519,8.175767145037957,7.546861980035038,0.0
1,129,3,1.5735588439929415,30.0,8.0,9.0,0.0,19.06506395647354,5.08401705505961,5.719519186942062,0.0
1,130,3,4.224226803016791,39.0,24.0,12.0,0.0,9.232458818770716,5.681513119243518,2.840756559621759,0.0
1,131,3,3.5323251049994724,25.0,27.0,3.0,0.0,7.0774912435484145,7.643690543032288,0.8492989492258097,0.0
1,132,3,1.3326342049913364,16.0,18.0,10.0,0.0,12.0062954560768,13.507082388086399,7.5039346600479995,0.0
1,133,3,3.642928773020685,26.0,18.0,7.0,0.0,7.137114563577104,4.9410793132456865,1.9215308440399894,0.0
1,134,3,2.7349525810059276,22.0,12.0,2.0,0.0,8.044015151410159,4.387644628041905,0.7312741046736507,0.0
1,135,3,3.5061508029539254,33.0,22.0,5.0,0.0,9.412030986287744,6.274687324191829,1.4260653009526885,0.0
1,136,3,1.125950477013248,10.0,23.0,7.0,0.0,8.881385286612689,20.427186159209185,6.216969700628883,0.0
1,137,3,1.282384196012572,13.0,24.0,1.0,0.0,10.137367600460161,18.715140185464914,0.7797975077277047,0.0
1,140,3,2.517579443003342,17.0,13.0,0.0,0.0,6.75251779928735,5.163690081807974,0.0,0.0
1,142,3,1.9961954660102492,6.0,7.0,2.0,0.0,3.005717677533886,3.506670623789534,1.0019058925112954,0.0
1,143,3,2.1510868060213397,12.0,8.0,2.0,0.0,5.578575428201922,3.719050285467948,0.929762571366987,0.0
1,145,3,2.6619271459785523,29.0,9.0,4.0,0.0,10.894362771652526,3.3810091360300945,1.5026707271244863,0.0
1,146,3,1.5089545189766795,17.0,5.0,6.0,0.0,11.266078457771417,3.3135524875798286,3.976262985095794,0.0
1,147,3,1.4014456409859122,18.0,10.0,2.0,0.0,12.843880257344168,7.135489031857871,1.4270978063715742,0.0
1,148,3,1.6819452630297747,33.0,21.0,10.0,0.0,19.620139088566653,12.485543056360596,5.945496693505046,0.0
1,149,3,1.771714240006986,18.0,13.0,4.0,0.0,10.159651931187856,7.337526394746785,2.2577004291528566,0.0
1,150,3,1.656078150990652,20.0,13.0,2.0,0.0,12.07672475362118,7.849871089853767,1.207672475362118,0.0
1,152,3,1.3279069130148855,19.0,18.0,1.0,0.0,14.30823186006489,13.555167025324632,0.7530648347402573,0.0
1,153,3,2.3133812489904813,9.0,12.0,2.0,0.0,3.8904093321960835,5.187212442928112,0.8645354071546852,0.0
1,154,3,1.623797228996409,16.0,11.0,2.0,0.0,9.853447040237178,6.77424484016306,1.2316808800296473,0.0
1,155,3,2.989879271997779,12.0,6.0,0.0,0.0,4.0135399821618325,2.0067699910809162,0.0,0.0
1,156,3,1.7681336580062634,14.0,8.0,1.0,0.0,7.917953451429861,4.524544829388493,0.5655681036735616,0.0
1,157,3,1.8018357140172157,21.0,7.0,3.0,0.0,11.654780642115385,3.884926880705129,1.6649686631593408,0.0
1,158,3,1.6661564979949617,9.0,14.0,6.0,0.0,5.4016534526201605,8.402572037409138,3.6011023017467734,0.0
1,159,3,3.4368458699900657,14.0,8.0,8.0,0.0,4.073502429144566,2.3277156737968947,2.3277156737968947,0.0
1,160,2,1.2301863940083422,5.0,1.0,1.0,0.0,4.064424728116522,0.8128849456233043,0.8128849456233043,0.0
1,160,3,4.002600862979307,19.0,11.0,7.0,0.0,4.746913482114599,2.7482130685926625,1.7488628618316944,0.0
1,161,3,1.1263764290124527,15.0,13.0,3.0,0.0,13.317040035320348,11.541434697277634,2.6634080070640693,0.0
1,162,3,3.732334838969109,22.0,19.0,3.0,0.0,5.894433631811158,5.090647227473273,0.8037864043378852,0.0
1,163,3,6.995859039998322,15.0,19.0,2.0,0.0,2.144125534010702,2.7158923430802226,0.28588340453476024,0.0
1,164,3,3.7142778179986635,24.0,14.0,1.0,0.0,6.461552198303718,3.769238782343835,0.2692313415959882,0.0
1,166,3,4.90616124101507,24.0,16.0,2.0,0.0,4.891808242941985,3.2612054952946568,0.4076506869118321,0.0
1,167,3,4.9091585889982525,25.0,19.0,2.0,0.0,5.092522383780113,3.870317011672886,0.4074017907024091,0.0
1,168,3,3.5460142730080406,25.0,18.0,5.0,0.0,7.05016902788516,5.076121700077315,1.410033805577032,0.0
1,169,2,1.0196495720010716,4.0,4.0,2.0,0.0,3.9229163722885336,3.9229163722885336,1.9614581861442668,0.0
1,169,3,4.499957570988045,12.0,13.0,2.0,0.0,2.666691810021931,2.8889161275237583,0.4444486350036551,0.0
1,170,3,4.750801763984782,20.0,20.0,2.0,0.0,4.209815730813571,4.209815730813571,0.42098157308135714,0.0
1,171,3,2.6710110240092035,19.0,15.0,1.0,0.0,7.113411299771008,5.615851026135006,0.3743900684090004,0.0
1,172,3,1.8928998180053895,19.0,7.0,4.0,0.0,10.037509549776871,3.698029834128321,2.1131599052161834,0.0
1,173,2,1.4790262689930387,5.0,8.0,0.0,0.0,3.3806025659058347,5.408964105449336,0.0,0.0
1,173,3,1.2824524779935018,16.0,15.0,5.0,0.0,12.476095819966181,11.696339831218296,3.8987799437394317,0.0
1,174,2,3.2266678390078596,6.0,7.0,0.0,0.0,1.8595034566200928,2.169420699390108,0.0,0.0
1,174,3,4.122026162003749,23.0,21.0,1.0,0.0,5.579780209065806,5.094581930016605,0.24259913952460024,0.0
1,175,3,2.1254062430161866,18.0,19.0,0.0,0.0,8.468969195487075,8.939467484125245,0.0,0.0
1,177,3,1.424570896961086,17.0,15.0,3.0,0.0,11.933418011181214,10.529486480454011,2.1058972960908022,0.0
1,180,2,1.583178606000729,17.0,3.0,1.0,0.0,10.737891439136952,1.8949220186712268,0.6316406728904089,0.0
1,181,2,3.4360860169981606,6.0,4.0,0.0,0.0,1.7461728170710145,1.1641152113806763,0.0,0.0
1,182,2,5.615413095991244,12.0,8.0,1.0,0.0,2.1369754628678366,1.4246503085785578,0.17808128857231972,0.0
1,183,2,1.279668102011783,4.0,13.0,0.0,0.0,3.125810507983709,10.158884150947053,0.0,0.0
1,185,2,1.526108904996363,3.0,10.0,0.0,0.0,1.9657836935347348,6.5526123117824495,0.0,0.0
1,186,2,1.7849201999779325,7.0,7.0,1.0,0.0,3.9217439525232236,3.9217439525232236,0.5602491360747462,0.0
1,187,2,1.67825295599323,7.0,3.0,2.0,0.0,4.17100412366456,1.7875731958562402,1.19171546390416,0.0
1,189,2,1.0408911630074726,3.0,8.0,0.0,0.0,2.88214570996263,7.68572189323368,0.0,0.0
1,191,3,1.1106864280081936,15.0,9.0,1.0,0.0,13.50516187264453,8.103097123586718,0.9003441248429687,0.0
