queue,n,exposure,add,cancel,exec,move,lambda_move,lambda_add,lambda_add_lo,lambda_add_hi,lambda_cancel,lambda_cancel_lo,lambda_cancel_hi,lambda_exec,lambda_exec_lo,lambda_exec_hi,lambda_total
-3,0,8261.845324672402,11127.0,0.0,2.0,0.0,0.0,1.3467935506818758,1.3218841964080985,1.3720543499023843,0.0,0.0,0.00044649582619246225,0.00024207666948537358,2.9316607734189096e-05,0.0008744641643373336,1.3470356273513613
-3,1,7334.378958091605,21396.0,15366.0,8098.0,0.0,0.0,2.9172204111971887,2.8782610266923996,2.95657533009225,2.0950649111261916,2.0620685311906173,2.128456989539,1.1041152967785957,1.0801969902004247,1.1284297076341199,6.1164006191019755
-3,2,2827.5354573250224,13141.0,10354.0,2421.0,0.0,0.0,4.647510242871361,4.568384707374646,4.727662412420738,3.661846210690973,3.591648495670303,3.733070941448811,0.8562226845743525,0.8224523639556395,0.8910236430710724,9.165579138136685
-3,3,1651.3245916706655,8844.0,8876.0,1059.0,0.0,0.0,5.355700535563645,5.244655726098126,5.468504363775728,5.375078918324617,5.263832354370583,5.488084489673862,0.6413033544959181,0.6032555196896376,0.6811220626987025,11.37208280838418
-3,4,1151.4303183207812,6151.0,7701.0,777.0,0.0,0.0,5.342051448645606,5.209375307916703,5.477252083145972,6.688203252482492,6.539650445690566,6.839279403604963,0.6748128719879102,0.6281924094787775,0.723977370288056,12.705067573116008
-3,5,871.9213445345449,4557.0,5880.0,465.0,0.0,0.0,5.226388857853514,5.075734475134254,5.380379312744648,6.743727558520662,6.572447287461936,6.918341917386315,0.5333049854952565,0.485927536706745,0.5840536590007805,12.503421401869433
-3,6,451.40290513990476,2392.0,3051.0,207.0,0.0,0.0,5.29903545759999,5.088785527255395,5.515741449201433,6.758928587432094,6.521202938544739,7.003105240592855,0.45857037613846063,0.3982247139797806,0.5254771578702638,12.516534421170544
-3,7,406.20902873703744,1531.0,2269.0,207.0,0.0,0.0,3.768995496629162,3.582544794940143,3.9626327934273644,5.585794109635251,5.358299821507748,5.820464056926737,0.5095898548675615,0.4425302740017369,0.5839405302850912,9.864379461131975
-3,8,170.50959319820686,761.0,1230.0,67.0,0.0,0.0,4.463091992222306,4.151586241434546,4.791779437190604,7.213670368506487,6.81611740335298,7.628360985210116,0.3929397680405972,0.30452292302898176,0.4990196154470162,12.06970212876939
-3,9,117.90882910481014,443.0,985.0,70.0,0.0,0.0,3.757140185034096,3.4153735465952817,4.12384593830131,8.353912149567911,7.840292099055296,8.892342787450662,0.5936790360099024,0.4628019336824993,0.7500777465394317,12.70473137061191
-3,10,44.57625795500644,211.0,333.0,43.0,0.0,0.0,4.733461481064096,4.116283954041861,5.417066156188505,7.47034442272201,6.68944395998701,8.317369178979646,0.9646390696007401,0.6981140777536289,1.299362496260825,13.168444973386848
-3,11,40.19087688397849,163.0,218.0,49.0,0.0,0.0,4.055646769552759,3.45692984231511,4.728264864812777,5.424116538420254,4.727937515788278,6.1939442372976865,1.219182157718314,0.9019576719730608,1.6118234687917978,10.698945465691326
-3,12,13.04201608702715,92.0,125.0,34.0,0.0,0.0,7.054124100606814,5.686619635443791,8.651257002658319,9.584407745389694,7.977976593357933,11.419389146059604,2.6069589067459966,1.8053948275676017,3.6429637701844815,19.245490752742505
-3,13,11.25519995700597,69.0,91.0,45.0,0.0,0.0,6.1304997035658975,4.769894694178852,7.758539735288236,8.085151782963719,6.509659870700439,9.92677476573848,3.9981519805864547,2.9162794898017865,5.349841915467523,18.213803467116072
-3,14,6.410737620011787,42.0,52.0,14.0,0.0,0.0,6.551508186654312,4.721750838466236,8.855735820675541,8.11139108823867,6.057974838843868,10.637010244812906,2.183836062218104,1.1939234967920154,3.664105835264615,16.846735337111088
-3,15,8.595323862980877,36.0,51.0,7.0,0.0,0.0,4.188323857702218,2.933450538834144,5.79840565448477,5.933458798411476,4.417849803407139,7.801402535325616,0.8143963056643203,0.32742955313656313,1.67796764748089,10.936178961778015
-3,16,5.115202809996845,24.0,38.0,13.0,0.0,0.0,4.69189607753105,3.0061863480044395,6.98116945118257,7.428835456090829,5.257086110572561,10.19665707434419,2.5414437086626522,1.353211739224876,4.345946142098828,14.662175242284532
-3,17,3.037970900993969,13.0,24.0,17.0,0.0,0.0,4.279171994618723,2.2784788651988293,7.317514434020909,7.900009836219181,5.061685366918855,11.754588426791553,5.595840300655253,3.2597831883008377,8.959482398926589,17.775022131493156
-3,18,1.4524454809943563,14.0,14.0,31.0,0.0,0.0,9.638916009718645,5.269685076964576,16.1724632209633,9.638916009718645,5.269685076964576,16.1724632209633,21.34331402151986,14.50174636828499,30.295130577379467,40.62114604095715
-3,19,1.1741972870004247,8.0,9.0,11.0,0.0,0.0,6.813165120178911,2.941441114696812,13.424651372225163,7.664810760201275,3.5048395554475893,14.550198370040171,9.368102040246002,4.676522785420856,16.76212228660586,23.84607792062619
-3,20,1.6789395159721607,14.0,11.0,18.0,0.0,0.0,8.338596993408391,4.558788570694114,13.990748861631458,6.551754780535165,3.270612380611744,11.722899083654847,10.721053277239362,6.353975636949879,16.943886302572256,25.611405051182917
-3,21,2.7604955160277314,14.0,8.0,21.0,0.0,0.0,5.071553247855143,2.7726653536877923,8.509204592238,2.898030427345796,1.2511638423953901,5.710275249016185,7.6073298717827145,4.70905709087397,11.628611801237529,15.576913546983654
-3,22,4.47456492602214,31.0,15.0,29.0,0.0,0.0,6.928047868903939,4.707272400194386,9.833810935975462,3.352281226889003,1.876246355027584,5.529078084800471,6.481077038652073,4.340479009389133,9.307907724475047,16.761406134445014
-3,23,3.1128481269915937,13.0,22.0,21.0,0.0,0.0,4.1762397231257875,2.2236717657322753,7.14149711494065,7.067482608366717,4.429153723459777,10.700253603222183,6.746233398895503,4.176024802289139,10.312334372048872,17.989955730388008
-3,24,1.9165069080117973,7.0,12.0,4.0,0.0,0.0,3.6524783556673257,1.468485732952308,7.525501369919192,6.261391466858273,3.2353523396139243,10.937390812706589,2.0871304889527575,0.5686728125373478,5.3438829949370845,12.001000311478355
-3,25,1.1464041819999693,8.0,3.0,6.0,0.0,0.0,6.978341605526535,3.012752597188793,13.750114896382799,2.6168781020724508,0.539663176922725,7.6476283036994,5.2337562041449015,1.9206962850131244,11.391683864704389,14.828975911743887
-3,26,1.813912810976035,9.0,6.0,20.0,0.0,0.0,4.961649725136048,2.2687821997154995,9.418756705415259,3.307766483424032,1.213892001956836,7.19961507713902,11.025888278080107,6.734899004782069,17.028590192300417,19.295304486640187
-3,28,1.0077039630123181,4.0,4.0,17.0,0.0,0.0,3.969419737164519,1.0815332812311291,10.163291057017013,3.969419737164519,1.0815332812311291,10.163291057017013,16.870033882949205,9.827416417023889,27.010558472492477,24.808873357278244
-3,29,1.6126288000014029,2.0,0.0,4.0,0.0,0.0,1.240211014461766,0.1501953075275316,4.4800686107786705,0.0,0.0,2.2874944650069047,2.480422028923532,0.675831520325928,6.3508655404112755,3.720633043385298
-2,0,17547.768253962742,13276.0,0.0,28.0,0.0,0.0,0.7565634448700868,0.743748060186511,0.7695442523398794,0.0,0.0,0.0002102192940279395,0.0015956445056012677,0.0010602941859376254,0.0023061505803810417,0.7581590893756881
-2,1,3435.141507204098,11732.0,8342.0,7863.0,0.0,0.0,3.415288708018556,3.3537647492031746,3.4776578552235886,2.4284297990360377,2.3765939720646605,2.4811113026486717,2.288988672958567,2.2386711249234423,2.34015199107174,8.132707180013162
-2,2,946.0103513602371,6289.0,5137.0,2391.0,0.0,0.0,6.647918800208956,6.4846202319590285,6.814289894363831,5.430173139874925,5.2826835264702146,5.5807366645914875,2.527456487724537,2.4271537910500642,2.6308397944239887,14.605548427808417
-2,3,458.076369186012,3134.0,3146.0,948.0,0.0,0.0,6.841653948596004,6.60419840019186,7.085466006470591,6.867850453823557,6.629936754261893,7.112120590276688,2.069523912976711,1.9398646180160328,2.2055707566447023,15.779028315396273
-2,4,376.80138936895673,2172.0,2498.0,649.0,0.0,0.0,5.764309955537927,5.524414971671483,6.011941824711804,6.629487232474098,6.3720348216581995,6.894672782427215,1.7223927997901078,1.5924112615455301,1.860157096246369,14.116189987802132
-2,5,249.42619992893015,1322.0,1715.0,406.0,0.0,0.0,5.300164940077193,5.018273448940914,5.5937679204829776,6.875781295183348,6.5541797232255625,7.2090812697824544,1.627735980084221,1.473234709395241,1.794034675366438,13.803682215344763
-2,6,123.50114404808846,767.0,973.0,203.0,0.0,0.0,6.210468784818286,5.778671408352762,6.665986637522286,7.878469527546534,7.391150480208401,8.389477241788747,1.6437094697758956,1.4253607719955927,1.8860446797592298,15.732647782140715
-2,7,99.56764690099953,369.0,513.0,182.0,0.0,0.0,3.7060231057473723,3.3374921169949214,4.104131275480865,5.152276025063419,4.716013818770849,5.61803871798269,1.8279029952466712,1.571978004429868,2.113618129286595,10.686202126057463
-2,8,46.7619064769824,246.0,308.0,124.0,0.0,0.0,5.260692271413025,4.623784893045003,5.960817617763552,6.586557803232568,5.871435020329094,7.364759154631288,2.651731063639086,2.20557270396652,3.1616400020423985,14.498981138284678
-2,9,39.441678910960036,208.0,185.0,91.0,0.0,0.0,5.273609180520991,4.58123840796306,6.041066717384715,4.690469703828766,4.038900608530729,5.417227199808662,2.3072040164779333,1.8576167526294507,2.8327352689213443,12.271282900827691
-2,10,20.960428778009373,180.0,162.0,69.0,0.0,0.0,8.58761058308344,7.378851943373498,9.937899129254824,7.728849524775097,6.584500637695471,9.014912279591393,3.2919173901819856,2.5613082215746275,4.166132144522785,19.60837749804052
-2,11,13.418342687051336,105.0,110.0,75.0,0.0,0.0,7.825109437794037,6.400164261951048,9.47277207277584,8.19773369673661,6.737540112136043,9.880485997332848,5.5893638841385975,4.396389261870531,7.006316028845738,21.612207018669245
-2,12,8.091322753025452,82.0,99.0,33.0,0.0,0.0,10.134313325882239,8.060120138393794,12.579354976046396,12.235329503199289,9.944272069002496,14.896074650845947,4.078443167733096,2.8074126154757755,5.72765055649777,26.448085996814623
-2,13,12.636035495954275,51.0,70.0,43.0,0.0,0.0,4.036076031626284,3.0051237075464585,5.306694603546596,5.539712200271371,4.318477431107,6.999093098492431,3.4029660658809853,2.462743415205724,4.5837729586093925,12.978754297778641
-2,14,6.371677635979722,62.0,52.0,26.0,0.0,0.0,9.730561328133913,7.460365574327034,12.474140472350664,8.161115952628444,6.095111745949104,10.702217788892844,4.080557976314222,2.6655559471010237,5.978962882240558,21.97223525707658
-2,15,2.685964484968281,23.0,25.0,33.0,0.0,0.0,8.563032061189599,5.428227781357599,12.848752501372179,9.307643544771304,6.023416146554292,13.739917971389776,12.286089479098122,8.457178678219973,17.25423754801307,30.156765085059025
-2,16,1.9211704319968703,21.0,17.0,27.0,0.0,0.0,10.930836562049592,6.766360114424957,16.708944818382285,8.848772454992528,5.154736042504021,14.167741894515558,14.05393272263519,9.261630220526817,20.447734251422254,33.83354173967731
-2,17,1.6572857180290157,17.0,23.0,18.0,0.0,0.0,10.25773637886522,5.975509450105516,16.42362962511819,13.878113924347062,8.79753374957245,20.82398497700009,10.861132636445527,6.436995542981417,17.16527208196814,34.996982939657805
-2,18,1.1180170419902424,8.0,12.0,7.0,0.0,0.0,7.155525988905114,3.089248237755078,14.099238766640276,10.73328898335767,5.546047042077497,18.74889582260937,6.261085240291975,2.517280994670588,12.900228547525353,24.149900212554762
-2,19,1.0369693889879272,12.0,9.0,19.0,0.0,0.0,11.572183448647305,5.9795160537708085,20.21427562932717,8.679137586485478,3.9686543702074957,16.47570664365877,18.322623793691566,11.031416438947467,28.613046717361705,38.573944828824345
-2,22,2.961248980995151,10.0,8.0,29.0,0.0,0.0,3.376953462602601,1.6193804461929793,6.21033765145866,2.701562770082081,1.166343052851913,5.323155641879181,9.793165041547542,6.558636326156236,14.064618580160786,15.871681274232225
-1,0,23006.233009074735,7480.0,0.0,49.0,30058.0,1.3065154990016714,0.3251292811408777,0.31780247280424884,0.3325823864858356,0.0,0.0,0.0001603426103116868,0.0021298575903613646,0.0015756803703818117,0.0028157846861485668,0.3272591387312391
-1,1,214.634671548185,1299.0,986.0,1645.0,515.0,2.3994259468204495,6.0521442813976,5.727460249983228,6.390439291389161,4.593852395271774,4.31155150729067,4.889782822204007,7.664185791300271,7.298252165469392,8.043716394792883,18.310182467969643
-1,2,59.74542451703019,852.0,479.0,657.0,127.0,2.1256857914500076,14.26050625445202,13.318902729066332,15.251112917880238,8.01735034727995,7.315354468928886,8.76853464467531,10.996657991989409,10.171756952015103,11.870639307837113,33.27451459372138
-1,3,25.37279479316203,282.0,262.0,189.0,7.0,0.2758860447602919,11.114266374628901,9.854797386702858,12.490086228718651,10.326020532456639,9.113411496956031,11.655064999685923,7.44892320852788,6.424764729855857,8.58993155834125,28.88921011561342
-1,4,24.86224431993469,257.0,198.0,177.0,10.0,0.4022163032153112,10.336958992633498,9.111687185548524,11.681080376746113,7.963882803663163,6.89317813379492,9.153772438590387,7.1192285669110085,6.109024245650724,8.248775672080772,25.420070363207667
-1,5,17.96927113198035,113.0,92.0,78.0,5.0,0.27825279964201655,6.288513271909574,5.182624981124446,7.560527315394116,5.119851513413105,4.127322929324004,6.279043383171513,4.340743674415458,3.4311777451724272,5.417444554977972,15.749108459738137
-1,6,12.017905945038365,85.0,67.0,69.0,2.0,0.16641834352395704,7.0727795997681735,5.649485136204213,8.745601504918705,5.57501450805256,4.320559668436878,7.080071354937262,5.741432851576517,4.4671774602304435,7.266150733281222,18.389226959397252
-1,7,9.77941247291892,108.0,44.0,96.0,0.0,0.0,11.043608222791791,9.059285877768112,13.333388958833817,4.49924779447073,3.2691603352120304,6.0400301596725035,9.816540642481593,7.951429437129045,11.987676286685698,25.359396659744114
-1,8,11.181782732004649,94.0,63.0,56.0,0.0,0.0,8.406530716336666,6.793332532000643,10.287464573925726,5.634164203502233,4.329446471618951,7.208543504980077,5.008145958668652,3.783099635942079,6.503494098435922,19.04884087850755
-1,9,3.8305852740013506,62.0,46.0,36.0,1.0,0.2610567128702556,16.18551619795585,12.409342459701582,20.74910129665951,12.008608792031758,8.791810911389202,16.017801281445735,9.398041663329202,6.5822728418149135,13.0108510643271,37.59216665331681
-1,10,2.9211308099984308,42.0,48.0,25.0,0.0,0.0,14.377993568874981,10.362393094095625,19.434870422157214,16.431992650142835,12.115654219367963,21.786438308170613,8.558329505282726,5.538499608594392,12.633782633496715,39.368315724300544
-1,11,2.1744017020173487,31.0,13.0,13.0,1.0,0.4598966230904934,14.256795315805295,9.68680072297598,20.23638293808587,5.978656100176415,3.183382575805478,10.223684012725954,5.978656100176415,3.183382575805478,10.223684012725954,26.214107516158126
-1,12,2.3364222229647567,26.0,20.0,11.0,0.0,0.0,11.128125620637102,7.269261115846069,16.3052823709166,8.56009663125931,5.228729407436484,13.220374981487463,4.70805314719262,2.3502431680644342,8.424007578701602,24.39627539908903
-1,14,1.414825550018577,7.0,12.0,17.0,0.0,0.0,4.947606438057391,1.989194393247219,10.193960210510054,8.481611036669813,4.382572189653207,14.81566759089254,12.015615635282234,6.999538896846511,19.238164603084265,25.444833110009437
1,0,22920.049037476958,9459.0,0.0,92.0,29026.0,1.2664021770869294,0.4126954521141482,0.4044200741506481,0.42109754741032546,0.0,0.0,0.00016094553061741653,0.004013953017708176,0.0032358126566393456,0.004922757050702035,0.41670940513185634
1,1,293.14991822804586,2240.0,1498.0,1653.0,589.0,2.0092108623472575,7.641141479894493,7.327951316223308,7.964275188826212,5.110013364679443,4.854489138852228,5.375496768238414,5.638753065297141,5.370169957041502,5.917291232488402,18.389907909871077
1,2,99.5584523790676,1452.0,694.0,1102.0,211.0,2.1193579747164013,14.584397058237984,13.843796552171819,15.35432633551831,6.970779310204656,6.461736895018745,7.509264736092352,11.068874351362437,10.424916476949752,11.742198880551443,32.624050719805076
1,3,29.11625763799384,390.0,370.0,225.0,5.0,0.17172536601941227,13.394578549514156,12.098034655893999,14.792219207980155,12.707677085436508,11.445675742030234,14.07081994399204,7.727641470873552,6.750827883461409,8.806081647558782,33.829897105824216
1,4,27.54026073688874,223.0,208.0,225.0,13.0,0.47203619908315464,8.09723633811873,7.0692812296035985,9.232644031867181,7.552579185330474,6.561003035799497,8.651690556713769,8.16985729182383,7.137145352488793,9.310011422226522,23.819672815273034
1,5,8.530454833045951,80.0,78.0,69.0,8.0,0.9378163481985705,9.378163481985705,7.436300388726136,11.671936246790526,9.143709394936062,7.227722836790994,11.411763142307164,8.088666003212671,6.293464956741965,10.236724512831717,26.61053888013444
1,6,6.087402031997044,50.0,46.0,27.0,2.0,0.3285473818695488,8.213684546738719,6.0963549872994305,10.828719101818775,7.556589782999621,5.532373454546336,10.079431814766624,4.435389655238908,2.9229497309753856,6.453259081407287,20.20566398497725
1,7,2.679229279034189,35.0,36.0,36.0,2.0,0.7464833322219299,13.063458313883771,9.099177361673148,18.168108175732552,13.436699979994737,9.410899475689657,18.602056523957614,13.436699979994737,9.410899475689657,18.602056523957614,39.93685827387325
1,8,3.5748470349935815,36.0,15.0,24.0,1.0,0.2797322487399228,10.07036095463722,7.053157007978244,13.941624355215433,4.195983731098842,2.3484602419634397,6.920637059238613,6.713573969758147,4.301513520483842,9.98926590262269,20.97991865549421
1,9,2.8006894609716255,33.0,29.0,55.0,6.0,2.142329624048522,11.78281293226687,8.110746260618708,16.547450160037155,10.354593182901189,6.934633563697587,14.870923041977537,19.638021553778117,14.794045376621014,25.561584378984694,41.77542766894618
1,11,1.0602920569872367,3.0,9.0,17.0,0.0,0.0,2.8294091050010692,0.5834921791770515,8.268734083186533,8.488227315003208,3.8813580373995697,16.113299480866363,16.033318261672726,9.339998733694651,25.67089570891151,27.350954681677003
1,18,1.3522008560030372,7.0,2.0,4.0,0.0,0.0,5.176745724515557,2.081320270598575,10.66607471639552,1.479070207004445,0.17912226387720978,5.342910142121469,2.95814041400889,0.8059937018882326,7.574014341091862,9.613956345528893
2,0,17117.751309693194,14185.0,0.0,16.0,0.0,0.0,0.8286719291200079,0.8150904324761322,0.8424229880098527,0.0,0.0,0.00021550023641394125,0.0009347022112033927,0.0005342630751074648,0.0015178978317582914,0.8296066313312113
2,1,3596.8569729659357,15744.0,10447.0,5493.0,0.0,0.0,4.3771548655763315,4.309045915431473,4.446070661070399,2.9044802388640707,2.8490484541755436,2.9607193619010386,1.5271666461261932,1.4870447197291432,1.56809691803401,8.808801750566596
2,2,1116.564632765636,9013.0,5629.0,2232.0,0.0,0.0,8.072080859014461,7.906283207852214,8.240479893887963,5.041356169465483,4.910508282830765,5.174807884849986,1.998988625021666,1.9169101976455636,2.0836777264623594,15.11242565350161
2,3,540.8397377074289,4038.0,3282.0,796.0,0.0,0.0,7.466167366171575,7.237640190294235,7.700074496821416,6.068341083649111,5.862487611191461,6.279577610176418,1.4717853450897906,1.3713041409758402,1.5776819468953103,15.006293794910478
2,4,346.31562395428773,3017.0,3121.0,612.0,0.0,0.0,8.711706291363372,8.403591052875106,9.02823033684666,9.012010386259556,8.698582528059513,9.333846190306,1.7671740968890897,1.6299211477722342,1.9128981807264342,19.490890774512017
2,5,264.32370852681197,1444.0,1683.0,327.0,0.0,0.0,5.4629984122424124,5.184828128653785,5.752215747521002,6.36719274778669,6.066595385825477,6.678830021633604,1.2371194465396598,1.1066511742457061,1.3787409211156325,13.067310606568762
2,6,113.45125823589478,901.0,1181.0,159.0,0.0,0.0,7.9417365131957,7.431572302593981,8.477698558389184,10.409756739272055,9.824453421092377,11.020821807429712,1.401482914093359,1.1921078755375898,1.6370461890857197,19.752976166561115
2,7,100.40357503891573,661.0,727.0,134.0,0.0,0.0,6.583430916118285,6.09105022776255,7.105015817559132,7.240778027258689,6.723934366355206,7.786808457461734,1.3346138317093044,1.118219673721487,1.580666750358713,15.158822775086279
2,8,58.040505875957024,362.0,472.0,57.0,0.0,0.0,6.237023515502414,5.61099760917661,6.913796970759058,8.132251655572208,7.4150560339140865,8.90008620924879,0.9820727634907116,0.7438123205746937,1.272389175256221,15.351347934565334
2,9,48.45357905999845,295.0,347.0,60.0,0.0,0.0,6.08830153980393,5.413293407299537,6.824210638653172,7.161493675633775,6.427721231379311,7.956076841923041,1.238298618265206,0.9449522994640209,1.593935781524202,14.488093833702912
2,10,23.766507405969605,144.0,231.0,24.0,0.0,0.0,6.058946631924154,5.109771457936732,7.1332951893873195,9.719560222044997,8.506478680442196,11.057108913182837,1.0098244386540256,0.6470135721676987,1.5025387190371795,16.788331292623177
2,11,11.108639666053932,79.0,132.0,39.0,0.0,0.0,7.111581829538521,5.630306305705606,8.863152836394983,11.882643056950439,9.942109181537138,14.091298585406562,3.5107809031899024,2.4965084225553844,4.799353068292603,22.50500578967886
2,12,11.708152763996623,73.0,91.0,24.0,0.0,0.0,6.234971602393166,4.887222440285854,7.839540705791906,7.772361860517509,6.257820936718025,9.542738053445843,2.049853677499123,1.3133799297505389,3.050019786516984,16.0571871404098
2,13,2.2851107709575444,37.0,67.0,22.0,0.0,0.0,16.191775239191426,11.400504036042655,22.318229291160417,29.320241649346638,22.72278455168388,37.23567045817282,9.627542034113821,6.033529335845824,14.576214339564753,55.13955892265189
2,14,4.076488991006045,44.0,36.0,18.0,0.0,0.0,10.793602067140908,7.8426477855528995,14.489906978929495,8.83112896402438,6.185214156825829,12.226004927082187,4.41556448201219,2.616943355896754,6.978495546116343,24.04029551317748
2,15,6.5597667659531,45.0,43.0,16.0,0.0,0.0,6.859999997798967,5.003731071445405,9.179219726146785,6.5551111090079015,4.743966412568894,8.82969164559436,2.4391111103285215,1.3941627469300342,3.9609636324906377,15.85422221713539
2,16,3.093585446003999,44.0,42.0,10.0,0.0,0.0,14.222978730661872,10.33443811918651,19.093685082015796,13.576479697449969,9.78473239573114,18.35145651199746,3.2324951660595165,1.5501070779624537,5.944673700793588,31.031953594171355
2,17,4.033638150031038,28.0,49.0,12.0,0.0,0.0,6.941624151334582,4.612658836468602,10.032579631109648,12.14784226483552,8.987040582346287,16.06009170466117,2.9749817791433926,1.5372164973882212,5.196694465024248,22.064448195313496
2,18,2.86080090500036,19.0,29.0,4.0,0.0,0.0,6.641496780426112,3.9986149138768154,10.371519919377908,10.137021401703013,6.7889223271709955,14.558453671413863,1.3982098485107604,0.38096512473879673,3.57997253758643,18.176728030639886
2,19,1.6045532800126239,23.0,18.0,6.0,0.0,0.0,14.334207711581286,9.086658086498673,21.508349597815485,11.218075600367962,6.64854256526502,17.729395852348496,3.7393585334559876,1.3722786777597857,8.139009271425339,29.291641845405238
2,20,1.5780987750258646,20.0,16.0,5.0,0.0,0.0,12.673477932122598,7.741289568648019,19.573158785430486,10.138782345698079,5.795190135352351,16.46474733315416,3.1683694830306495,1.028760946913359,7.393917455598703,25.980629760851325
2,21,2.1862439109754632,12.0,15.0,8.0,0.0,0.0,5.488866059160715,2.8361771884618445,9.587944393095762,6.861082573950894,3.840095833148571,11.316312304992177,3.659244039440477,1.579801850749335,7.2101695245705955,16.009192672552086
2,23,1.8066301250146353,9.0,22.0,6.0,0.0,0.0,4.9816505743958475,2.2779278616008884,9.45672454746694,12.177368070745406,7.63149173775563,18.436681601805684,3.321100382930565,1.2187853080735125,7.228637362843095,20.48011902807182
2,24,1.4243618280015653,16.0,11.0,3.0,0.0,0.0,11.233100807291795,6.420687688937049,18.24185195556392,7.722756805013109,3.8551723721360522,13.818145169557523,2.1062064013672117,0.4343503951967192,6.155228887341882,21.062064013672117
2,25,1.3882885220009484,11.0,9.0,7.0,0.0,0.0,7.9234250126520065,3.955345218386158,14.177196023297892,6.4828022830789145,2.9643500123784228,12.306378091201633,5.0421795535058225,2.027217690645103,10.38881697366113,19.448406849236743
2,26,1.0737839689900284,8.0,5.0,3.0,0.0,0.0,7.450288168787414,3.21650562542583,14.680037768695446,4.6564301054921335,1.511930180560832,10.866554555007543,2.7938580632952803,0.5761606996959614,8.164838853003719,14.900576337574828
2,34,1.9323504229832906,11.0,4.0,1.0,0.0,0.0,5.692549275310775,2.8417000881026646,10.185543097775982,2.0700179182948273,0.5640102129838948,5.300068017472759,0.5175044795737068,0.013102079044856971,2.8833504133981176,8.28007167317931
2,75,1.2763676809991011,3.0,0.0,1.0,0.0,0.0,2.350419902242975,0.4847130902055776,6.868924370507073,0.0,0.0,2.890138561974865,0.7834733007476583,0.019835826589147006,4.365233838087774,3.1338932029906332
2,84,1.1679392099904362,2.0,1.0,0.0,0.0,0.0,1.7124178920377005,0.20738175109811435,6.185842213297317,0.8562089460188502,0.021677333689736466,4.770490915348686,0.0,0.0,3.1584515893974845,2.568626838056551
3,0,8550.057077415157,10570.0,0.0,0.0,0.0,0.0,1.2362490570876412,1.2127923635558138,1.2600453769807027,0.0,0.0,0.00043144500916351237,0.0,0.0,0.00043144500916351237,1.2362490570876412
3,1,7376.074761885859,24180.0,18675.0,5542.0,0.0,0.0,3.278166339222115,3.236975790335103,3.3197501328180956,2.5318344245232836,2.495650759570764,2.5684114517656345,0.7513481328357718,0.7316954979077697,0.7713949401280211,6.561348896581171
3,2,2851.0589072936855,11676.0,10328.0,1744.0,0.0,0.0,4.095320503596057,4.021370354693079,4.170288998112853,3.6225137171240216,3.5529830713411905,3.693062909204095,0.6117025486700517,0.5833273833509114,0.6411010853102999,8.32953676939013
3,3,1918.9936193368485,10914.0,10904.0,957.0,0.0,0.0,5.68735606519191,5.581149967438598,5.795075286144523,5.68214500044462,5.575987796691666,5.7898153296317885,0.49869889631561826,0.46759943749159405,0.531323027499778,11.868199961952149
3,4,686.68991665863,5079.0,7424.0,340.0,0.0,0.0,7.396351507116847,7.194322323561525,7.602615541640041,10.81128442386995,10.566739511245384,11.060060738247216,0.4951288663949061,0.44389223622173457,0.5506571382746384,18.702764797381704
3,5,925.969317160736,4356.0,5966.0,439.0,0.0,0.0,4.704259546478965,4.565585534358326,4.846075263426606,6.442978065723945,6.280512610019711,6.608582902145213,0.47409778257673674,0.430780359394463,0.5205910673990677,11.621335394779646
3,6,391.05731190890947,2190.0,3648.0,96.0,0.0,0.0,5.60020215274769,5.368086578067221,5.8397723459362965,9.328555914713961,9.028269373955455,9.636285080784774,0.24548831354510425,0.1988463221296511,0.2997832476960203,15.174246381006757
3,7,268.49352583401924,1409.0,2053.0,93.0,0.0,0.0,5.247798790020113,4.977331208636932,5.529143034255401,7.646366867218801,7.319151759898239,7.984442073257302,0.346377067048879,0.2795709970662486,0.4243353081659188,13.240542724287794
3,8,133.64920462293958,745.0,1189.0,46.0,0.0,0.0,5.574294303522762,5.181151330017037,5.989360482995981,8.896424062937669,8.397871453481663,9.416844424448076,0.34418461471415707,0.2519863960581432,0.4590940431235052,14.814902981174587
3,9,84.5482627401725,458.0,795.0,34.0,0.0,0.0,5.417024373492946,4.932212222716688,5.936607007168274,9.40291348673994,8.760564641960583,10.0799038934203,0.40213718056497855,0.27849168772316546,0.5619464026270086,15.222075040797865
3,10,58.57135811095213,310.0,506.0,17.0,0.0,0.0,5.2926892938484515,4.719849009027354,5.91588690229856,8.63903478286231,7.902605901230668,9.425617671953649,0.2902442515981409,0.16907797239134745,0.4647091632115844,14.221968328308902
3,11,26.543742468107666,182.0,320.0,14.0,0.0,0.0,6.856606607703235,5.89661201954727,7.9283463450269815,12.055572057500193,10.770736098971836,13.451493908804045,0.5274312775156335,0.2883515874032006,0.8849400626177105,19.439609942719063
3,12,24.474168386906967,117.0,174.0,15.0,0.0,0.0,4.780550585023837,3.95364558294634,5.729364405193488,7.109536767471347,6.092386027171547,8.247947878760353,0.6128911006440817,0.343030496483575,1.0108706649546964,12.502978453139265
3,13,18.227276442048606,105.0,150.0,7.0,0.0,0.0,5.760597329712678,4.711597895238041,6.9735542922697755,8.229424756732397,6.9651745122145075,9.656800161927622,0.3840398219808452,0.1544039264707368,0.7912688111993861,14.37406190842592
3,14,15.885812870961672,79.0,118.0,30.0,0.0,0.0,4.972990720821554,3.9371635853726765,6.197830225272913,7.428011456417004,6.14836141742706,8.895454445530559,1.8884774889195772,1.2741478315170158,2.6959190406361038,14.289479666158135
3,15,12.804789328030893,66.0,96.0,9.0,0.0,0.0,5.154321426867974,3.986351818135757,6.5575606354329095,7.497194802717053,6.072751860490965,9.155358045813033,0.7028620127547237,0.3213932687177753,1.334251037931481,13.354378242339752
3,16,6.377646941997227,46.0,93.0,13.0,0.0,0.0,7.212691517475976,5.280596702084817,9.620719721335222,14.582180676636213,11.76970180474471,17.86415649243416,2.0383693418953848,1.0853458264398876,3.485673653674719,23.833241536007574
3,17,7.052808839020145,57.0,74.0,5.0,0.0,0.0,8.081886422987054,6.121141852601605,10.471021275152397,10.492273601772668,8.238691501443515,13.172088684428795,0.7089374055251803,0.23019004586319872,1.654423414224249,19.283097430284904
3,18,5.375642952960334,42.0,51.0,8.0,0.0,0.0,7.813018901649868,5.63093680092876,10.56093183183358,9.487237237717697,7.063871274668521,12.473964875155387,1.4881940765047368,0.6424965733348226,2.9323356030393763,18.788450215872302
3,19,4.496935910989123,29.0,38.0,1.0,0.0,0.0,6.448835512450367,4.3188863532805,9.261603514697574,8.450198257693584,5.979863217414929,11.5985573180622,0.2223736383603575,0.0056300130767754485,1.2389866124895224,15.121407408504309
3,20,2.8460305350090493,23.0,52.0,0.0,0.0,0.0,8.081431213431049,5.122934156080064,12.126114765920212,18.27106187384411,13.645702926492932,23.960066802535575,0.0,0.0,1.2961489375243849,26.35249308727516
3,21,4.388681579999684,15.0,24.0,3.0,0.0,0.0,3.4178829624729987,1.912963148441477,5.637278171246964,5.468612739956797,3.5038433694448092,8.136862276929142,0.6835765924945997,0.14096992721345844,1.997700883494709,9.570072294924396
3,22,2.839174030996219,11.0,17.0,2.0,0.0,0.0,3.87436623465462,1.9340696650814608,6.93231140410081,5.987656908102595,3.4880308010328083,9.586818743321643,0.7044302244826582,0.08530976822825397,2.5446441777959405,10.566453367239873
3,23,1.6042690440299339,10.0,15.0,7.0,0.0,0.0,6.233368422343884,2.989142447133672,11.463386462797468,9.350052633515826,5.233153481347523,15.421489907539618,4.363357895640719,1.7542961774355306,8.990184916535275,19.94677895150043
3,24,1.6977453279760084,12.0,13.0,5.0,0.0,0.0,7.06819792242101,3.652241008440484,12.346719324014632,7.657214415956095,4.077144184667501,13.094069853610588,2.9450824676754213,0.9562602608094838,6.872840046765577,17.670494806052528
3,27,2.0685061069962103,9.0,8.0,4.0,0.0,0.0,4.350966124566771,1.9895387707385064,8.259489006889584,3.867525444059352,1.6697229778857159,7.620566923577468,1.933762722029676,0.5268852578873829,4.951200598714239,10.152254290655799
3,28,1.7715958600019803,17.0,18.0,2.0,0.0,0.0,9.59586798762388,5.589946721593839,15.363914214541113,10.160330810425284,6.021655966382539,16.05770306298649,1.1289256456028094,0.13671813307561817,4.078067594781963,20.885124443651975
3,34,1.0553839469939703,3.0,9.0,0.0,0.0,0.0,2.842567397907503,0.5862057355124201,8.30718819886732,8.527702193722508,3.89940846561109,16.188235096887237,0.0,0.0,3.495296157025033,11.370269591630011
3,56,1.0459332930113305,10.0,0.0,1.0,0.0,0.0,9.560839172839746,4.584794009497588,17.582723644899367,0.0,0.0,3.526878318877621,0.9560839172839745,0.024205949034663353,5.326958638918229,10.51692309012372
3,118,1.1191529520074255,4.0,3.0,0.0,0.0,0.0,3.5741316616510703,0.9738305847037552,9.151196587591848,2.6805987462383025,0.5528039056555126,7.833847066226702,0.0,0.0,3.2961352132406834,6.254730407889372
